Date of Complaint,Centralised ID,Unique ID,Customer Raised Issue,Complaint Raised By,Complaint Raised Name,Contact Number,Complaint Raised Through,Service Engineer Name,Device Model,Device PSN,VIN Number,Firmware,Configuration,Device IMEI,Device ICCID,Date of Sale of Device,Telco Status,Active Profile,Vehicle Sale Date,S Trigger Date,C Trigger Date,Commercial Expiry Date,First Communication in Darby,Last Communication in Darby,Vehicle Type,Vehicle Running Location,Vehicle Run,Kilometers/Hours,Main Battery Voltage,Vehicle Support Date,Issue Identified,External Modification,Issue Analysis,Resolved or Not,Issue Description,Engineer Recommendation,Engineer Email,Manager Remarks,Manager Email,Manager Approval Datetime,HOD Remarks,HOD Approval Status,HOD Approval Datetime,Device to be Sent,Upload File,Unique ID
2025-03-23 21:11:00,,S25030000,Samuya,Customer,Samuya,09390540794,Mail,Siva,DL545,2407047122,43234ewfr33432,M153,Operational Mode,,,2025-03-06 00:00:00,Bootstrap,Airtel,2025-03-11 00:00:00,2025-03-14 00:11:00,2025-03-20 01:11:00,2025-03-20 00:00:00,2025-03-17 01:11:00,2025-03-28 01:11:00,Boss,342,Hours,67,24.0,2025-03-24 01:11:00,NRD,"Air Horn, None, Alt-Device",Sim Expired,No,fe,Replace,mulaupendra@outlook.com,erw,upendram@danlawtech.com,N/A,IOJ,Pending,N/A,Hyderabad,N/A,S25030000
2025-03-20 21:12:00,,-25030000,Samuya,--,Samuya,09390540794,--,--,--,2407047122,43234ewfr33432,M153,--,,,N/A,--,BSNL,N/A,N/A,N/A,N/A,N/A,N/A,--,342,--,67,24.0,N/A,--,,--,Yes,fe,--,mulaupendra@outlook.com,erw,,N/A,IOJ,Pending,N/A,--,N/A,-25030000
2025-03-13 21:27:00,,S25030001,Samuya,--,Samuya,09390540794,I-Alert,Siva,--,2407047122,43234ewfr33432,M153,--,,,N/A,--,--,N/A,N/A,N/A,N/A,2025-03-20 21:24:00,2025-03-23 21:24:00,--,342,--,67,24.0,N/A,--,,--,Yes,,--,,,,N/A,,Pending,N/A,--,N/A,S25030001
2025-03-22 01:24:00,,A25030000,Samuya,AL Field,Samuya,09390540794,I-Alert,Anil,others,2407047122,43234ewfr33432,M153,Plant Mode,,,2025-03-11 00:00:00,Bootstrap,--,N/A,N/A,N/A,N/A,N/A,N/A,--,342,--,67,24.0,N/A,--,,--,Yes,,--,,,,N/A,,Pending,N/A,--,N/A,A25030000
2025-03-15 01:39:00,,S25030002,Samuya,Dealer,Samuya,09390540794,Mail,Siva,--,2407047122,43234ewfr33432,M153,--,,,N/A,--,--,N/A,N/A,N/A,N/A,N/A,N/A,--,342,--,67,24.0,N/A,--,,--,Yes,,--,,,,N/A,,Pending,N/A,--,N/A,S25030002
2025-03-20 05:40:00,,A25030001,Samuya,Customer,Samuya,09390540794,Mail,Anil,DL545,2407047122,43234ewfr33432,M153,--,,,N/A,--,--,N/A,N/A,N/A,N/A,N/A,N/A,--,342,--,67,24.0,N/A,--,,--,Yes,,--,,,,N/A,,Pending,N/A,--,N/A,A25030001
2025-03-21 21:52:00,,-25030001,Samuya,--,Samuya,09390540794,--,--,--,2407047122,43234ewfr33432,M153,--,123456754324567,123456789012345678,N/A,--,--,N/A,N/A,N/A,N/A,N/A,N/A,--,342,--,67,24.0,N/A,--,,--,Yes,fe,--,mulaupendra@outlook.com,erw,,N/A,IOJ,Pending,N/A,--,N/A,-25030001
2025-03-21 02:59:00,,-25030002,Samuya,--,Samuya,09390540794,--,--,--,2407047122,43234ewfr33432,M153,--,,,N/A,--,Airtel,2025-03-11 00:00:00,N/A,N/A,N/A,N/A,N/A,--,342,--,67,24.0,N/A,--,,--,Yes,,--,,,,N/A,,Pending,N/A,--,N/A,-25030002
2025-03-19 21:59:00,,S25030003,Samuya,Customer,Samuya,09390540794,--,Siva,--,2407047122,43234ewfr33432,M153,--,,,N/A,--,--,N/A,N/A,N/A,N/A,N/A,N/A,--,342,--,67,24.0,N/A,--,,--,Yes,,--,,,,N/A,,Pending,N/A,--,N/A,S25030003
2025-03-22 22:05:00,,O25030000,Samuya,AL Field,Samuya,09390540794,--,others,--,2407047122,43234ewfr33432,M153,--,123456754324567,123456789012345678,N/A,--,--,N/A,N/A,N/A,N/A,N/A,N/A,--,342,--,67,24.0,N/A,--,,--,Yes,7UTYU,--,mulaupendra@outlook.com,erw,,N/A,IOJ,Pending,N/A,--,N/A,O25030000
N/A,,R25030000,Samuya,Customer,Samuya,09390540794,Mail,Rishwanth,--,2407047122,43234ewfr33432,M153,--,123456754324567,123456789012345678,N/A,--,--,N/A,N/A,N/A,N/A,N/A,N/A,--,342,--,67,24.0,N/A,--,,--,Yes,7UTYU,--,mulaupendra@outlook.com,erw,,N/A,IOJ,Pending,N/A,--,N/A,R25030000
2025-03-28 22:22:00,,S25030004,Samuya,AL Field,Samuya,21333435435,Mail,Siva,others,2407047122,43234ewfr33432,M153,Operational Mode,,,2025-03-11 00:00:00,Commercial,BSNL,2025-03-20 00:00:00,2025-03-25 22:23:00,2025-03-13 02:23:00,2025-03-21 00:00:00,2025-03-19 22:23:00,2025-03-21 22:27:00,E-com,342,Hours,67,24.0,2025-03-16 22:23:00,Latency,"Air Horn, None, Alt-Device",SW-Issue,No,7UTYU,Replace,mulaupendra@outlook.com,erw,upendram@danlawtech.com,N/A,IOJ,Pending,N/A,Chennai,N/A,S25030004
2025-03-17 01:41:00,,S25030005,Samuya,AL Field,Samuya,09390540794,Mail,Siva,--,2407047122,43234ewfr33432,M153,--,123456754324567,123456789012345678,N/A,--,Airtel,N/A,N/A,N/A,N/A,N/A,N/A,--,342,--,67,24.0,N/A,--,,--,Yes,,--,,,,N/A,,Pending,N/A,--,N/A,S25030005
2025-03-22 01:42:00,,A25030002,Samuya,AL Field,Samuya,234564324653,I-Alert,Anil,DL545,2407047122,43234ewfr33432,M153,Operational Mode,,,2025-03-12 00:00:00,Commercial,Airtel,2025-03-12 00:00:00,2025-03-16 02:42:00,2025-03-09 01:42:00,2025-03-18 00:00:00,2025-03-29 02:42:00,2025-03-15 02:42:00,E-com,342,Hours,67,24.0,2025-03-08 22:45:00,NRD,"Air Horn, None",Disk Image,Yes,7UTYU,Replace,mulaupendra@outlook.com,erw,upendram@danlawtech.com,N/A,IOJ,Pending,N/A,Chennai,N/A,A25030002
2025-03-28 22:43:00,,-25030003,Samuya,AL Field,Samuya,09390540794,--,--,--,2407047122,43234ewfr33432,M153,--,,,N/A,--,--,N/A,N/A,N/A,N/A,N/A,N/A,--,342,--,67,24.0,N/A,--,,--,Yes,7UTYU,Monitor,sales@danlawtech.com,erw,upendram@danlawtech.com,N/A,IOJ,Pending,N/A,--,N/A,-25030003
N/A,,S25030006,Samuya,--,Samuya,,--,Swamy,--,2407047122,43234ewfr33432,M153,--,,,N/A,--,--,N/A,N/A,N/A,N/A,N/A,N/A,--,342,--,67,24.0,N/A,--,,--,Yes,,--,mulaupendra@outlook.com,,,N/A,,Pending,N/A,--,N/A,S25030006
2025-03-30 22:49:00,,S25030007,Samuya,Customer,Samuya,09390540794,Mail,Siva,--,2407047122,43234ewfr33432,M153,--,564324567890876,89911643124,N/A,--,--,N/A,N/A,N/A,N/A,N/A,N/A,--,342,--,67,24.0,N/A,--,,--,No,fe,Replace,mulaupendrareddy@gmail.com,erw,upendram@danlawtech.com,N/A,IOJ,Pending,N/A,--,N/A,S25030007
2025-03-20 02:51:00,,G25030000,Samuya,Customer,Samuya,09390540794,Telephone,Gayadhar,others,2407047122,43234ewfr33432,M153,Plant Mode,564324567890876,89911643124482219,2025-03-11 00:00:00,Bootstrap,BSNL,2025-03-18 00:00:00,2025-03-19 22:55:00,2025-03-18 22:55:00,N/A,2025-03-23 02:51:00,2025-03-21 02:51:00,Passenger,342,Hours,67,24.0,2025-03-12 22:52:00,NRD,"Air Horn, None",Sim Expired,Yes,fe,Replace,mulaupendra@outlook.com,erw,upendram@danlawtech.com,N/A,IOJ,Pending,N/A,Hyderabad,N/A,G25030000
2025-03-12 22:55:00,,S25030008,Samuya,Dealer,Samuya,09390540794,Mail,Swamy,others,2407047122,43234ewfr33432,M153,Operational Mode,564324567890876,89911643124482219,2025-03-11 00:00:00,Commercial,BSNL,2025-03-28 00:00:00,2025-03-14 02:56:00,2025-03-12 01:56:00,2025-03-19 00:00:00,2025-03-13 02:56:00,2025-03-21 02:56:00,E-com,342,Kilometers,67,24.0,2025-03-12 22:56:00,NRD,"None, Alt-Device",Battery Reset,No,fe,Repair,sales@danlawtech.com,erw,upendram@danlawtech.com,N/A,IOJ,Pending,N/A,Hyderabad,N/A,S25030008
N/A,,S25030009,Samuya,Dealer,Samuya,09390540794,I-Alert,Siva,DL545,2407047122,43234ewfr33432,M153,Plant Mode,564324567890876,89911643124482219,2025-03-11 00:00:00,Bootstrap,Airtel,2025-03-19 00:00:00,2025-03-05 06:25:00,2025-03-12 07:25:00,2025-03-20 00:00:00,2025-03-26 07:25:00,2025-03-06 07:25:00,E-com,342,Hours,67,24.0,2025-03-15 08:24:00,Not Powering ON,"None, Alt-Device",CAN Issue,No,dasf,Repair,sales@danlawtech.com,erw,upendram@danlawtech.com,N/A,IOJ,Pending,N/A,Hyderabad,N/A,S25030009
N/A,,S25030010,Samuya,Customer,Samuya,09390540794,Mail,Siva,DL548,2407047122,43234ewfr33432,M153,Operational Mode,564324567890876,89911643124482219,2025-03-12 00:00:00,Commercial,BSNL,2025-04-02 00:00:00,2025-03-12 23:48:00,2025-03-19 23:52:00,2025-03-12 00:00:00,2025-03-22 03:48:00,2025-03-20 03:48:00,E-com,342,Others,67,24.0,2025-03-13 23:48:00,Partial V Packet,"--, None, Alt-Device",SW-Issue,No,fe,Replace,mulaupendra@outlook.com,erw,,N/A,IOJ,Pending,N/A,Chennai,N/A,S25030010
2025-03-21 23:49:00,,R25030001,Samuya,--,Samuya,09390540794,--,Rishwanth,--,2407047122,43234ewfr33432,M153,--,564324567890876,89911643124482219,N/A,--,--,N/A,N/A,N/A,N/A,N/A,N/A,--,342,--,67,24.0,N/A,--,,--,Yes,,--,mulaupendra@outlook.com,,,N/A,,Pending,N/A,--,N/A,R25030001
N/A,,A25030003,Samuya,--,Samuya,09390540794,--,Anil,--,2407047122,43234ewfr33432,M153,--,564324567890876,89911643124482219,N/A,--,--,N/A,N/A,N/A,N/A,N/A,N/A,--,342,--,67,24.0,N/A,--,,--,Yes,,--,,,,N/A,,Pending,N/A,--,N/A,A25030003
N/A,,-25030004,Samuya,--,Samuya,09390540794,--,--,--,2407047122,43234ewfr33432,M153,--,564324567890876,89911643124482219,N/A,--,--,N/A,N/A,N/A,N/A,N/A,N/A,--,342,--,67,24.0,N/A,--,,--,No,7UTYU,Repair,sales@danlawtech.com,,upendram@danlawtech.com,N/A,,Pending,N/A,--,N/A,-25030004
N/A,,-25030005,Samuya,--,Samuya,09390540794,--,--,--,2407047122,43234ewfr33432,M153,--,564324567890876,89911643124482219,N/A,--,--,N/A,N/A,N/A,N/A,N/A,N/A,--,342,--,67,24.0,N/A,--,,--,Yes,,--,,,,N/A,,Pending,N/A,--,N/A,-25030005
N/A,,-25030006,,--,,,--,--,--,,,,--,,8.991164312448221e+19,N/A,--,--,N/A,N/A,N/A,N/A,N/A,N/A,--,,--,,,N/A,--,,--,Yes,,--,,,,N/A,,Pending,N/A,--,N/A,-25030006
N/A,,-25030007,,--,,,--,--,--,,,,--,,1.2345655432145644e+19,N/A,--,--,N/A,N/A,N/A,N/A,N/A,N/A,--,,--,,,N/A,--,,--,Yes,,--,,,,N/A,,Pending,N/A,--,N/A,-25030007
N/A,,-25030008,Samuya,--,Samuya,09390540794,--,--,--,2407047122,43234ewfr33432,M153,--,564324567890876,1.234567890123457e+19,N/A,--,--,N/A,N/A,N/A,N/A,N/A,N/A,--,342,--,67,24.0,N/A,--,,--,Yes,,--,,,,N/A,,Pending,N/A,--,N/A,-25030008
N/A,,-25030009,Samuya,--,Samuya,0939054079,Mail,--,--,2407047122,43234ewfr33432,M153,--,564324567890876,8991164312448221,N/A,--,--,N/A,N/A,N/A,N/A,N/A,N/A,--,342,--,67,24.0,N/A,--,,--,Yes,,--,,,,N/A,,Pending,N/A,--,N/A,-25030009
N/A,,-25030010,Samuya,--,Samuya,0939054079,--,--,--,2407047122,43234ewfr33432,M153,--,,8.991164312448221e+19,N/A,--,--,N/A,N/A,N/A,N/A,N/A,N/A,--,,--,67,24.0,N/A,--,,--,Yes,,--,,,,N/A,,Pending,N/A,--,N/A,-25030010
N/A,,O25030001,Samuya,--,Samuya,0939054079,--,others,--,2407047122,43234ewfr33432345435435435,M153,--,213456754321345,8.991164312448221e+19,N/A,--,--,N/A,N/A,N/A,N/A,N/A,N/A,--,,--,67,24.0,N/A,--,,--,Yes,,--,,,,N/A,,Pending,N/A,--,N/A,O25030001
N/A,,-25030011,,--,,,--,--,--,,,,--,,,N/A,--,--,N/A,N/A,N/A,N/A,N/A,N/A,--,,--,,,N/A,--,,--,Yes,,--,,,,N/A,,Pending,N/A,--,/media/uploads/DL548_V_PACK_More_than_4200-base_data-07-12-24-_Calling_status-_26-12-24.xlsx,-25030011
N/A,,-25030012,Samuya,--,Samuya,0939054079,--,--,--,2407047122,43234ewfr33432,M153,--,,5.436590000546357e+19,N/A,--,--,N/A,N/A,N/A,N/A,N/A,N/A,--,,--,67,24.0,N/A,--,,--,Yes,,--,,,,N/A,,Pending,N/A,--,N/A,-25030012
N/A,,-25030013,,--,,,--,--,--,,,,--,,,N/A,--,--,N/A,N/A,N/A,N/A,N/A,N/A,--,,--,,,N/A,--,,--,Yes,,--,,,,N/A,,Pending,N/A,--,/media/uploads/23122024_PENDING_INVOICES.csv,-25030013
N/A,,-25030014,Samuya,--,Samuya,0939054079,--,--,--,2407047122,43234ewfr33432,M153,--,,89911643124482219,N/A,--,--,N/A,N/A,N/A,N/A,N/A,N/A,--,,--,67,24.0,N/A,--,,--,Yes,,--,,,,N/A,,Pending,N/A,--,N/A,-25030014
N/A,,-25030015,Samuya,--,Samuya,0939054079,--,--,--,2407047122,43234ewfr33432,M153,--,,89911643124482219,N/A,--,--,N/A,N/A,N/A,N/A,N/A,N/A,--,,--,67,24.0,N/A,--,,--,Yes,,--,,,,N/A,,Pending,N/A,--,N/A,-25030015
N/A,,-25030016,Samuya,--,Samuya,0939054079,--,--,--,2407047122,43234ewfr33432,M153,--,,89911643124482219,N/A,--,--,N/A,N/A,N/A,N/A,N/A,N/A,--,,--,67,24.0,N/A,--,,--,Yes,,--,,,,N/A,,Pending,N/A,--,N/A,-25030016
N/A,,-25030017,Samuya,--,Samuya,0939054079,--,--,--,2407047122,43234ewfr33432,M153,--,223456789087654,89911643124482219,N/A,--,--,N/A,N/A,N/A,N/A,N/A,N/A,--,,--,67,24.0,N/A,--,,--,No,OK,--,,,upendram@danlawtech.com,N/A,,Pending,N/A,--,/media/uploads/DAILTY_ACTIVITY.xlsx,-25030017
N/A,,-25030018,Samuya,--,Samuya,0939054079,--,--,--,2407047122,43234ewfr33432,M153,--,223456789087654,89911643124482219,N/A,--,--,N/A,N/A,N/A,N/A,N/A,N/A,--,,--,67,24.0,N/A,--,,--,No,OK,--,,,upendram@danlawtech.com,2025-03-18 00:22:06,,Approved,2025-03-18 00:22:22,--,/media/uploads/DAILTY_ACTIVITY_zqzOIdt.xlsx,-25030018
N/A,,-25030019,,--,,,--,--,--,,,,--,,,N/A,--,--,N/A,N/A,N/A,N/A,N/A,N/A,--,,--,,,N/A,--,,--,No,,--,,,upendram@danlawtech.com,N/A,,Pending,N/A,--,/media/uploads/FIR_ENTRIES_18_03_2025_00_28.csv,-25030019
N/A,,S25030011,Samuya,Dealer,Samuya,0939054079,I-Alert,Siva,DL545,2407047122,43234ewfr33432,M153,Operational Mode,123243243254354,89911643124482219,N/A,Bootstrap,Airtel,2025-03-20 00:00:00,2025-03-14 09:58:00,2025-03-07 09:58:00,2025-03-13 00:00:00,2025-03-12 09:58:00,2025-03-13 09:58:00,Tipper,DF,Kilometers,67,24.0,N/A,--,,--,Yes,,--,,,,N/A,,Pending,N/A,--,/media/uploads/FIR_ENTRIES_18_03_2025_00_28_qqeETMl.csv,S25030011
2025-03-15 10:00:00,,A25030004,Samuya,Dealer,Samuya,0939054079,I-Alert,Anil,DL545,2407047122,43234ewfr33432,M153,Operational Mode,353224325435436,89911643124482219,2025-03-14 00:00:00,Bootstrap,Airtel,2025-03-11 00:00:00,2025-03-16 09:59:00,2025-03-13 09:59:00,2025-03-15 00:00:00,2025-03-29 09:59:00,2025-03-09 09:59:00,Tipper,FDSF,Kilometers,67,24.0,2025-03-16 10:00:00,NRD,Aiternate Cabin,Disk Image,Yes,dfsf,Repair,mulaupendra@outlook.com,,kunal@danlawtech.com,N/A,,Pending,N/A,Hyderabad,/media/uploads/FIR_ENTRIES_18_03_2025_00_28_f0mVk2Z.csv,A25030004
N/A,DTIL25030001,-25030020,Samuya,--,Samuya,0939054079,Mail,--,--,2407047122,43234ewfr33432,M153,Operational Mode,892347283457832,89911643124482219,N/A,--,Airtel,N/A,N/A,N/A,N/A,N/A,N/A,--,,--,67,24.0,N/A,--,,--,No,ok,Repair,sales@danlawtech.com,,upendram@danlawtech.com,2025-03-18 04:46:15,,Approved,2025-03-18 04:46:34,Hyderabad,/media/uploads/FIR_ENTRIES_18_03_2025_00_28_8swH3z4.csv,-25030020
N/A,,-25030021,Samuya,--,Samuya,0939054079,Mail,--,--,2407047122,43234ewfr33432,M153,Operational Mode,892347283457832,89911643124482219,N/A,--,Airtel,N/A,N/A,N/A,N/A,N/A,N/A,--,,--,67,24.0,N/A,--,,--,No,ok,Repair,sales@danlawtech.com,,upendram@danlawtech.com,N/A,,Pending,N/A,Hyderabad,/media/uploads/FIR_ENTRIES_18_03_2025_00_28_aNh8cU5.csv,-25030021
N/A,DTIL25030002,-25030022,Samuya,--,Samuya,0939054079,Mail,--,--,2407047122,43234ewfr33432,M153,Operational Mode,892347283457832,89911643124482219,N/A,--,Airtel,N/A,N/A,N/A,N/A,N/A,N/A,--,,--,67,24.0,N/A,--,,--,No,ok,Repair,sales@danlawtech.com,,upendram@danlawtech.com,2025-03-18 04:49:49,,Approved,2025-03-18 04:50:03,Hyderabad,/media/uploads/FIR_ENTRIES_18_03_2025_00_28_oRizMbj.csv,-25030022
N/A,DTIL25030003,-25030023,Samuya,--,Samuya,0939054079,Mail,--,--,2407047122,43234ewfr33432,M153,Operational Mode,892347283457832,89911643124482219,N/A,--,Airtel,N/A,N/A,N/A,N/A,N/A,N/A,--,,--,67,24.0,N/A,--,,--,No,ok,Repair,sales@danlawtech.com,,upendram@danlawtech.com,2025-03-18 04:51:12,,Approved,2025-03-18 04:51:26,Hyderabad,/media/uploads/FIR_ENTRIES_18_03_2025_00_28_IIEmzlH.csv,-25030023
N/A,,-25030024,Samuya,--,Samuya,0939054079,--,--,--,2407047122,43234ewfr33432,M153,--,,89911643124482219,N/A,--,--,N/A,N/A,N/A,N/A,N/A,N/A,--,,--,67,24.0,N/A,--,,--,Yes,,--,,,,N/A,,Pending,N/A,--,N/A,-25030024
N/A,,A25030005,Samuya,--,Samuya,0939054079,--,Anil,--,2407047122,43234ewfr33432,M153,--,,89911643124482219,N/A,--,--,N/A,N/A,N/A,N/A,N/A,N/A,--,,--,67,24.0,N/A,--,,--,Yes,,--,,,,N/A,,Pending,N/A,--,/media/uploads/FIR_ENTRIES_18_03_2025_00_28_9B9qx0R.csv,A25030005
N/A,,S25030012,Samuya,--,Samuya,0939054079,--,Swamy,--,2407047122,43234ewfr33432,M153,--,,89911643124482219,N/A,--,--,N/A,N/A,N/A,N/A,N/A,N/A,--,,--,67,24.0,N/A,--,,--,Yes,,--,,,,N/A,,Pending,N/A,--,N/A,S25030012
N/A,,A25030006,Samuya,--,Samuya,0939054079,--,Anil,--,2407047122,43234ewfr33432,M153,--,,89911643124482219,N/A,--,--,N/A,N/A,N/A,N/A,N/A,N/A,--,,--,67,24.0,N/A,--,,--,Yes,,--,,,,N/A,,Pending,N/A,--,N/A,A25030006
2025-03-15 05:46:00,,A25030007,Samuya,Dealer,Samuya,0939054079,Mail,Anil,DL545,2407047122,43234ewfr33432,M153,Operational Mode,234243265789087,89911643124482219,2025-03-19 00:00:00,Bootstrap,Airtel,2025-03-13 00:00:00,2025-03-09 05:46:00,2025-03-13 05:46:00,2025-03-26 00:00:00,2025-03-23 05:46:00,2025-03-14 05:46:00,Tipper,DFS,Kilometers,67,24.0,2025-03-09 05:47:00,Not Powering ON,,Disk Image,No,df,Repair,sales@danlawtech.com,,upendram@danlawtech.com,N/A,,Pending,N/A,Goa,/media/uploads/FIR_ENTRIES_18_03_2025_05_40.csv,A25030007
2025-03-20 05:52:00,DTIL25030004,-25030025,Samuya,Dealer,Samuya,0939054079,I-Alert,--,--,2407047122,43234ewfr33432,M153,--,,89911643124482219,N/A,--,--,N/A,N/A,N/A,N/A,N/A,N/A,--,,--,67,24.0,N/A,--,,--,No,ok done,--,sales@danlawtech.com,,upendram@danlawtech.com,2025-03-18 05:52:59,,Approved,2025-03-18 05:53:15,--,N/A,-25030025
N/A,DTIL25030005,S25030013,Samuya,Dealer,Samuya,0939054079,I-Alert,Siva,DL548,2407047122,43234ewfr33432,M153,Operational Mode,245678987654356,89911643124482219,N/A,--,BSNL,2025-03-20 00:00:00,N/A,N/A,N/A,N/A,N/A,--,EFSDF,--,67,24.0,2025-03-16 06:01:00,Partial V Packet,,--,No,dsfs,Repair,sales@danlawtech.com,,upendram@danlawtech.com,2025-03-18 06:02:03,,Approved,2025-03-18 06:02:20,Goa,N/A,S25030013
N/A,,-25030026,Samuya,--,Samuya,0939054079,--,--,--,2407047122,43234ewfr33432,M153,--,,89911643124482219,N/A,--,--,N/A,N/A,N/A,N/A,N/A,N/A,--,,--,67,24.0,N/A,--,,--,Yes,,--,,,,N/A,,Pending,N/A,--,N/A,-25030026
N/A,DTIL25030006,-25030027,Samuya,--,Samuya,0939054079,--,--,--,2407047122,43234ewfr33432,M153,--,,89911643124482219,N/A,--,BSNL,N/A,N/A,N/A,N/A,N/A,N/A,--,,--,67,24.0,N/A,--,,--,No,ok,Replace,sales@danlawtech.com,,upendram@danlawtech.com,2025-03-18 11:06:00,,Approved,2025-03-18 11:06:30,Hyderabad,N/A,-25030027
2025-03-08 11:22:00,DTIL25030007,A25030008,Samuya,Customer,Samuya,0939054079,I-Alert,Anil,DL545,2407047122,43234ewfr33432,M153,Operational Mode,234564321456432,89911643124482219,2025-03-13 00:00:00,Commercial,Dual,2025-02-28 00:00:00,2025-03-16 11:22:00,2025-03-06 11:22:00,2025-03-15 00:00:00,2025-03-29 11:22:00,2025-03-11 11:22:00,E-com,FDDGS,Kilometers,67,24.0,2025-03-12 11:22:00,NO-DATA,Aiternate Cabin,--,No,,Replace,sales@danlawtech.com,,upendram@danlawtech.com,2025-03-18 11:26:16,,Approved,2025-03-18 11:32:22,Goa,N/A,A25030008
2025-03-22 11:24:00,,A25030009,Samuya,Dealer,Samuya,0939054079,Mail,Anil,DL548,2407047122,43234ewfr33432,M153,--,,89911643124482219,2025-03-13 00:00:00,--,--,N/A,N/A,N/A,N/A,N/A,N/A,--,,--,67,24.0,N/A,100%V Packet,Aiternate Cabin,Battery Reset,Yes,ok done,--,sales@danlawtech.com,,upendram@danlawtech.com,N/A,,Pending,N/A,Goa,N/A,A25030009
2025-03-15 11:31:00,,A25030010,Samuya,Customer,Samuya,0939054079,I-Alert,Anil,DL545,2407047122,43234ewfr33432,M153,--,234564321456432,89911643124482219,N/A,--,--,N/A,N/A,N/A,N/A,N/A,N/A,--,FDDGS,--,67,24.0,N/A,--,,--,No,n,Repair,sales@danlawtech.com,,upendram@danlawtech.com,N/A,,Pending,N/A,Hyderabad,N/A,A25030010
2025-03-08 11:50:00,DTIL25030008,S25030014,Samuya,Dealer,Samuya,0939054079,I-Alert,Siva,DL545,2407047122,43234ewfr33432,M153,Operational Mode,234564321456432,89911643124482219,2025-03-14 00:00:00,Bootstrap,Airtel,2025-03-15 00:00:00,2025-03-14 11:51:00,2025-03-19 11:51:00,2025-03-06 00:00:00,2025-03-01 11:51:00,2025-03-06 11:51:00,E-com,FDDGS,Kilometers,67,24.0,2025-03-16 11:51:00,NO-DATA,Aiternate Cabin,Sim-Reg issue,No,FD,Repair,sales@danlawtech.com,,upendram@danlawtech.com,2025-03-18 11:52:13,,Approved,2025-03-18 11:52:30,Hyderabad,N/A,S25030014
2025-03-09 12:09:00,DTIL25030009,A25030011,Samuya,Dealer,Samuya,0939054079,I-Alert,Anil,DL545,2407047122,43234ewfr33432,M153,Operational Mode,234564321456432,89911643124482219,2025-03-13 00:00:00,Bootstrap,Airtel,2025-03-08 00:00:00,2025-03-16 12:09:00,2025-03-09 12:09:00,2025-03-07 00:00:00,2025-03-16 12:09:00,2025-03-23 12:09:00,Tipper,FDDGS,Kilometers,67,24.0,2025-03-08 12:09:00,NRD,Aiternate Cabin,Disk Image,No,ok,Replace,sales@danlawtech.com,,upendram@danlawtech.com,2025-03-18 12:10:22,,Approved,2025-03-18 12:10:37,Goa,N/A,A25030011
N/A,DTIL25030010,-25030028,Samuya,--,Samuya,0939054079,--,--,--,2407047122,43234ewfr33432,M153,--,234564321456432,89911643124482219,N/A,--,--,N/A,N/A,N/A,N/A,N/A,N/A,--,FDDGS,--,67,24.0,N/A,--,,--,No,gh,Replace,sales@danlawtech.com,fg,upendram@danlawtech.com,2025-03-18 12:20:36,,Approved,2025-03-18 12:20:58,Goa,N/A,-25030028
N/A,DTIL25030011,-25030029,Samuya,--,Samuya,0939054079,--,--,--,2407047122,43234ewfr33432,M153,--,234564321456432,89911643124482219,N/A,--,--,N/A,N/A,N/A,N/A,N/A,N/A,--,FDDGS,--,67,24.0,N/A,--,,--,No,n,Replace,sales@danlawtech.com,,upendram@danlawtech.com,2025-03-18 12:22:22,,Approved,2025-03-18 12:22:38,--,N/A,-25030029
N/A,DTIL25030012,-25030030,Samuya,--,Samuya,0939054079,--,--,--,2407047122,43234ewfr33432,M153,--,234564321456432,89911643124482219,N/A,--,--,N/A,N/A,N/A,N/A,N/A,N/A,--,FDDGS,--,67,24.0,N/A,--,,--,No,,--,sales@danlawtech.com,,upendram@danlawtech.com,2025-03-18 12:23:36,,Approved,2025-03-18 12:23:50,--,N/A,-25030030
2025-03-09 12:29:00,DTIL25030013,S25030015,Samuya,Customer,Samuya,0939054079,I-Alert,Swamy,DL548,2407047122,43234ewfr33432,M153,Plant Mode,234564321456432,89911643124482219,2025-03-01 00:00:00,Bootstrap,Airtel,2025-03-15 00:00:00,2025-03-20 12:30:00,2025-03-14 12:30:00,2025-03-08 00:00:00,2025-03-08 12:30:00,2025-03-16 12:30:00,E-com,FDDGS,Kilometers,67,24.0,2025-03-15 12:30:00,Data loss,Air Horn,Sim Expired,No,fcgvv,Repair,sales@danlawtech.com,,upendram@danlawtech.com,2025-03-18 12:30:52,,Approved,2025-03-18 12:31:08,Goa,N/A,S25030015
2025-03-23 12:35:00,DTIL25030014,S25030016,Samuya,Dealer,Samuya,0939054079,I-Alert,Siva,DL545,2407047122,43234ewfr33432,M153,Operational Mode,234564321456432,89911643124482219,N/A,--,--,N/A,N/A,N/A,N/A,N/A,N/A,--,FDDGS,--,67,24.0,N/A,--,,--,No,fg,Repair,sales@danlawtech.com,fg,upendram@danlawtech.com,2025-03-18 12:36:19,,Approved,2025-03-18 12:36:38,Hyderabad,N/A,S25030016
2025-03-14 12:52:00,DTIL25030015,S25030017,Samuya,Customer,Samuya,0939054079,I-Alert,Siva,DL548,2407047122,MB1PAECD5RAGS5259,M153,Operational Mode,234564321456432,89911643124482219,2025-03-13 00:00:00,Bootstrap,Airtel,2025-03-14 00:00:00,2025-02-27 12:52:00,2025-03-14 12:52:00,2025-03-14 00:00:00,2025-03-15 14:52:00,2025-03-16 12:52:00,E-com,FDDGS,Kilometers,173546,24.0,2025-03-15 12:52:00,Latency,"Alt-Device, Device Modification",SW-Issue,No,VIC Hang,Repair,sales@danlawtech.com,fg,upendram@danlawtech.com,2025-03-18 12:53:55,,Approved,2025-03-18 12:54:52,Hyderabad,/media/uploads/1127-2207222006.docx,S25030017
2025-03-22 13:39:00,,A25030012,Samuya,Customer,Samuya,0939054079,I-Alert,Anil,DL548,2407047122,MB1PAECD5RAGS5259,M153,Operational Mode,564324567890876,1.234567890123457e+19,2025-03-12 00:00:00,Bootstrap,Airtel,2025-03-08 00:00:00,2025-03-23 13:39:00,2025-03-08 13:39:00,2025-03-13 00:00:00,2025-03-29 13:39:00,2025-03-14 13:39:00,LCV,342,Kilometers,67,24.0,2025-03-14 13:39:00,Partial V Packet,Aiternate Cabin,VIC Issue,No,Not powering on,Repair,sales@danlawtech.com,fg,upendram@danlawtech.com,N/A,,Pending,N/A,Chennai,/media/uploads/1127-2207222006.docx,A25030012
N/A,,-25030031,Samuya,--,Samuya,0939054079,--,--,--,2407047122,MB1PAECD5RAGS5259,M153,--,564324567890876,1.234567890123457e+19,N/A,--,--,N/A,N/A,N/A,N/A,N/A,N/A,--,342,--,67,24.0,N/A,--,,--,No,efsd,Repair,sales@danlawtech.com,fg,upendram@danlawtech.com,N/A,,Pending,N/A,--,N/A,-25030031
N/A,,-25030032,Samuya,--,Samuya,0939054079,--,--,--,2407047122,MB1PAECD5RAGS5259,M153,--,564324567890876,1.234567890123457e+19,N/A,--,--,N/A,N/A,N/A,N/A,N/A,N/A,--,342,--,67,24.0,N/A,--,,--,No,ds,Replace,sales@danlawtech.com,fg,upendram@danlawtech.com,N/A,,Pending,N/A,Hyderabad,N/A,-25030032
2025-03-20 15:16:00,None,S25030018,Samuya,AL Field,Samuya,0939054079,I-Alert,Siva,DL545,2407047122,43234ewfr33432,M153,Plant Mode,564324567890876,1.234567890123457e+19,2025-03-13 00:00:00,Commercial,BSNL,2025-03-15 00:00:00,2025-03-22 15:17:00,2025-03-07 15:18:00,2025-03-07 00:00:00,2025-03-22 15:17:00,2025-03-07 15:17:00,EV-LCV,342,Kilometers,67,24.0,2025-03-16 15:18:00,Not Powering ON,,Disk Image,No,ok,Replace,sales@danlawtech.com,,upendram@danlawtech.com,N/A,,Pending,N/A,Chennai,/media/uploads/FIR_ENTRIES_18_03_2025_13_10.csv,S25030018
2025-03-22 16:02:00,,S25030019,Samuya,Customer,Samuya,0939054079,--,Swamy,--,2407047122,MB1PAECD5RAGS5259,M153,--,564324567890876,1.234567890123457e+19,N/A,--,--,N/A,N/A,N/A,N/A,N/A,N/A,--,342,--,67,24.0,N/A,--,,--,No,fd,Replace,sales@danlawtech.com,,upendram@danlawtech.com,N/A,,Pending,N/A,Goa,/media/uploads/FIR_ENTRIES_18_03_2025_13_10_OistIHL.csv,S25030019
N/A,,-25030033,,--,,,--,--,--,,,,--,,,N/A,--,--,N/A,N/A,N/A,N/A,N/A,N/A,--,,--,,,N/A,--,Air Horn,--,Yes,,--,,,,N/A,,Pending,N/A,--,N/A,-25030033
N/A,,-25030034,,--,,,--,--,--,,,,--,,,N/A,--,--,N/A,N/A,N/A,N/A,N/A,N/A,--,,--,,,N/A,--,Air Horn,--,Yes,,--,,,,N/A,,Pending,N/A,--,N/A,-25030034
N/A,,-25030035,,--,,,Telephone,--,--,,,,--,,,N/A,--,--,N/A,N/A,N/A,N/A,N/A,N/A,--,,--,,,N/A,--,,--,Yes,,--,,,,N/A,,Pending,N/A,--,N/A,-25030035
N/A,,-25030036,,--,,,--,--,--,,,,--,,,N/A,--,--,N/A,N/A,N/A,N/A,N/A,N/A,--,,--,,,N/A,--,Aiternate Cabin,--,Yes,,--,,,,N/A,,Pending,N/A,--,N/A,-25030036
2025-03-22 09:40:00,DTIL25030016,S25030020,Samuya,Dealer,Samuya,0939054079,Telephone,Siva,DL545,2407047122,MB1PAECD5RAGS5259,M153,Operational Mode,564324567890876,1.234567890123457e+19,2025-03-06 00:00:00,Bootstrap,Dual,2025-03-15 00:00:00,N/A,2025-03-21 09:41:00,2025-03-15 00:00:00,2025-03-09 09:41:00,N/A,--,342,Hours,67,24.0,2025-03-21 09:43:00,NRD,Air Horn,Disk Image,No,ok,Repair,sales@danlawtech.com,,upendram@danlawtech.com,2025-03-19 09:44:07,,Approved,2025-03-19 09:44:23,Hyderabad,/media/uploads/FIR_ENTRIES_18_03_2025_05_40.csv,S25030020
2025-03-21 10:29:00,,-25030037,Samuya,--,Samuya,0939054079,--,--,--,2407047122,MB1PAECD5RAGS5259,M153,--,564324567890876,1.234567890123457e+19,N/A,--,--,N/A,N/A,N/A,N/A,N/A,N/A,--,342,--,67,24.0,N/A,--,,--,No,ok,--,sales@danlawtech.com,,upendram@danlawtech.com,N/A,,Pending,N/A,--,N/A,-25030037
N/A,,-25030038,Samuya,--,Samuya,0939054079,--,--,--,2407047122,MB1PAECD5RAGS5259,M153,--,564324567890876,1.234567890123457e+19,N/A,--,--,N/A,N/A,N/A,N/A,N/A,N/A,--,342,--,67,24.0,N/A,--,,--,Yes,,--,sales@danlawtech.com,,,N/A,,Pending,N/A,--,N/A,-25030038
2025-03-23 10:31:00,,R25030002,Samuya,Customer,Samuya,0939054079,others,Rishwanth,DL548,2407047122,MB1PAECD5RAGS5259,M153,Operational Mode,564324567890876,1.234567890123457e+19,2025-03-14 00:00:00,Bootstrap,Airtel,2025-03-11 00:00:00,2025-03-14 10:31:00,2025-03-15 10:31:00,2025-03-21 00:00:00,2025-03-15 10:31:00,2025-03-01 10:31:00,EV-LCV,342,Kilometers,67,24.0,2025-03-16 10:31:00,NRD,Air Horn,Battery Reset,Yes,ok,Replace,sales@danlawtech.com,,upendram@danlawtech.com,N/A,,Pending,N/A,Chennai,N/A,R25030002
2025-03-09 10:46:00,,A25030013,Samuya,Dealer,Samuya,0939054079,I-Alert,Anil,DL545,2407047122,MB1PAECD5RAGS5259,M153,Plant Mode,564324567890876,1.234567890123457e+19,2025-03-15 00:00:00,Bootstrap,BSNL,2025-03-12 00:00:00,2025-03-07 10:46:00,2025-03-15 10:46:00,2025-03-07 00:00:00,2025-03-07 10:46:00,2025-03-15 10:46:00,T&T,342,Hours,67,24.0,2025-03-14 10:46:00,Latency,Aiternate Cabin,CAN Issue,Yes,fd,Repair,sales@danlawtech.com,,upendram@danlawtech.com,N/A,,Pending,N/A,Goa,N/A,A25030013
N/A,,-25030039,,--,,,--,--,--,2408276143,MB1T2VHD3RPCC96,M153,--,899164312448223,899164312448228457,N/A,--,--,N/A,N/A,N/A,N/A,N/A,N/A,--,,Kilometers,6728,25.0,N/A,--,,--,No,fd,Repair,anilp@danlawtech.com,,upendram@danlawtech.com,N/A,,Pending,N/A,Goa,N/A,-25030039
N/A,,-25030040,AMPL VARANASI- SAUMYA,--,AMPL VARANASI- SAUMYA,9198330727,--,--,--,2408276143,MB1T2VHD3RPCC9652,M153,--,899164312448228,8.991643124482284e+19,N/A,--,--,N/A,N/A,N/A,N/A,N/A,N/A,--,,--,6728,25.0,N/A,--,,--,Yes,fd,Repair,anilp@danlawtech.com,,upendram@danlawtech.com,N/A,,Pending,N/A,--,N/A,-25030040
N/A,,-25030041,AMPL VARANASI- SAUMYA,--,AMPL VARANASI- SAUMYA,9198330727,--,--,--,2408276143,MB1T2VHD3RPCC9652,M153,--,899164312448228,8.991643124482284e+19,N/A,--,--,N/A,N/A,N/A,N/A,N/A,N/A,--,,--,6728,25.0,N/A,--,,--,No,fd,--,anilp@danlawtech.com,,,N/A,,Pending,N/A,--,N/A,-25030041
N/A,,-25030042,AMPL VARANASI- SAUMYA,--,AMPL VARANASI- SAUMYA,9198330727,--,--,--,2408276143,MB1T2VHD3RPCC9652,M153,--,899164312448228,8.991643124482284e+19,N/A,--,--,N/A,N/A,N/A,N/A,N/A,N/A,--,,--,6728,25.0,N/A,--,,--,No,fd,--,anilp@danlawtech.com,,,N/A,,Pending,N/A,--,N/A,-25030042
N/A,,-25030043,AMPL VARANASI- SAUMYA,--,AMPL VARANASI- SAUMYA,9198330727,--,--,--,2408276143,MB1T2VHD3RPCC9652,M153,--,899164312448228,8.991643124482284e+19,N/A,--,--,N/A,N/A,N/A,N/A,N/A,N/A,T&T,,Kilometers,6728,25.0,2025-02-17 17:20:00,Not Powering ON,Aiternate Cabin,GPS status,Yes,,Repair,anilp@danlawtech.com,,upendram@danlawtech.com,N/A,,Pending,N/A,Goa,N/A,-25030043
N/A,,A25030014,AMPL VARANASI- SAUMYA,Dealer,AMPL VARANASI- SAUMYA,9198330727,Telephone,Anil,DL548,2408276143,MB1T2VHD3RPCC9652,M153,Operational Mode,899164312448228,8.991643124482284e+19,N/A,Commercial,Airtel,N/A,N/A,N/A,N/A,N/A,N/A,T&T,,Kilometers,6728,25.0,2025-03-17 17:20:00,Not Powering ON,,others,Yes,"Device not powering ON,",Repair,anilp@danlawtech.com,,upendram@danlawtech.com,N/A,,Pending,N/A,--,N/A,A25030014
N/A,,-25030044,,--,,,--,--,--,,,,--,,,N/A,--,--,N/A,N/A,N/A,N/A,N/A,N/A,--,,--,,,N/A,--,,--,Yes,"Device not powering ON, Check fuse and output voltage at 32 pin connector, reset device thru coupler. Issue not resolved
Taken TAB support- USB ports not coming
Device taken for analysis",--,,,,N/A,,Pending,N/A,--,N/A,-25030044
2025-03-17 17:20:00,,A25030015,AMPL VARANASI- SAUMYA,Dealer,AMPL VARANASI- SAUMYA,9198330727,Telephone,Anil,DL548,2408276143,MB1T2VHD3RPCC9652,M153,Operational Mode,899164312448228,8.991643124482284e+19,2024-09-04 00:00:00,Commercial,Airtel,N/A,N/A,N/A,N/A,N/A,N/A,T&T,,Kilometers,6728,25.0,N/A,Not Powering ON,Aiternate Cabin,others,Yes,,Repair,anilp@danlawtech.com,,upendram@danlawtech.com,N/A,,Pending,N/A,--,N/A,A25030015
2025-03-17 17:20:00,,A25030016,AMPL VARANASI- SAUMYA,Dealer,AMPL VARANASI- SAUMYA,9198330727,Telephone,Anil,DL548,2408276143,MB1T2VHD3RPCC9652,M153,Operational Mode,899164312448228,8.991643124482284e+19,N/A,Commercial,Airtel,2025-03-11 00:00:00,2025-03-08 11:08:00,2025-03-14 11:08:00,N/A,2025-03-16 11:08:00,2025-03-14 11:08:00,T&T,,Kilometers,6728,25.0,N/A,Not Powering ON,Aiternate Cabin,others,Yes,"Device not powering ON, Check fuse and output voltage at 32 pin connector, reset device thru coupler. Issue not resolved
Taken TAB support- USB ports not coming
Device taken for analysis",Repair,anilp@danlawtech.com,,upendram@danlawtech.com,N/A,,Pending,N/A,Goa,N/A,A25030016
2025-03-17 17:20:00,,A25030017,AMPL VARANASI- SAUMYA,Dealer,AMPL VARANASI- SAUMYA,9198330727,Telephone,Anil,DL548,2408276143,MB1T2VHD3RPCC9652,M153,Operational Mode,899164312448228,8.991643124482284e+19,2024-09-04 00:00:00,Commercial,Airtel,2025-01-05 00:00:00,2024-10-29 07:21:00,2024-12-27 19:24:00,2025-12-26 00:00:00,2024-10-23 12:59:00,2025-01-05 20:25:00,T&T,,Kilometers,6728,25.0,N/A,Not Powering ON,Aiternate Cabin,others,Yes,"Device not powering ON, Check fuse and output voltage at 32 pin connector, reset device thru coupler. Issue not resolved
Taken TAB support- USB ports not coming
Device taken for analysis",Repair,anilp@danlawtech.com,,kunal@danlawtech.com,N/A,,Pending,N/A,Goa,N/A,A25030017
N/A,,-25030045,AMPL VARANASI- SAUMYA,--,AMPL VARANASI- SAUMYA,9198330727,--,--,--,2408276143,MB1T2VHD3RPCC9652,M153,--,899164312448228,8.991643124482284e+19,N/A,--,--,N/A,N/A,N/A,N/A,N/A,N/A,--,,--,6728,25.0,N/A,--,,--,Yes,,--,anilp@danlawtech.com,,upendram@danlawtech.com,N/A,,Pending,N/A,--,N/A,-25030045
N/A,,-25030046,AMPL VARANASI- SAUMYA,--,AMPL VARANASI- SAUMYA,9198330727,--,--,--,2408276143,MB1T2VHD3RPCC9652,M153,--,899164312448228,8.991643124482284e+19,N/A,--,--,N/A,N/A,N/A,N/A,N/A,N/A,--,,--,6728,25.0,2025-02-17 17:20:00,--,,--,Yes,,--,anilp@danlawtech.com,,,N/A,,Pending,N/A,--,N/A,-25030046
N/A,,-25030047,AMPL VARANASI- SAUMYA,--,AMPL VARANASI- SAUMYA,9198330727,--,--,--,2408276143,MB1T2VHD3RPCC9652,M153,--,899164312448228,8.991643124482284e+19,N/A,--,--,N/A,N/A,N/A,N/A,N/A,N/A,--,,--,6728,25.0,2025-03-22 11:25:00,--,,--,Yes,,--,,,,N/A,,Pending,N/A,--,N/A,-25030047
N/A,,-25030048,AMPL VARANASI- SAUMYA,--,AMPL VARANASI- SAUMYA,9198330727,--,--,--,2408276143,MB1T2VHD3RPCC9652,M153,--,899164312448228,8.991643124482284e+19,N/A,--,--,N/A,N/A,N/A,N/A,N/A,N/A,--,,--,6728,25.0,2025-03-07 11:22:00,--,,--,Yes,,--,,,,N/A,,Pending,N/A,--,N/A,-25030048
N/A,,-25030049,AMPL VARANASI- SAUMYA,--,AMPL VARANASI- SAUMYA,9198330727,--,--,--,2408276143,MB1T2VHD3RPCC9652,M153,--,899164312448228,8.991643124482284e+19,N/A,--,--,N/A,N/A,N/A,N/A,N/A,N/A,--,,--,6728,25.0,2025-03-15 11:20:00,--,,--,No,,Replace,upendram@danlawtech.com,,upendram@danlawtech.com,N/A,,Pending,N/A,Hyderabad,N/A,-25030049
N/A,,-25030050,AMPL VARANASI- SAUMYA,--,AMPL VARANASI- SAUMYA,9198330727,--,--,--,2408276143,MB1T2VHD3RPCC9652,M153,--,899164312448228,8.991643124482284e+19,N/A,--,--,N/A,N/A,N/A,N/A,N/A,N/A,--,,--,6728,25.0,N/A,Not Powering ON,,--,Yes,fd,--,anilp@danlawtech.com,,upendram@danlawtech.com,N/A,,Pending,N/A,Goa,N/A,-25030050
2025-03-17 17:20:00,,A25030018,AMPL VARANASI- SAUMYA,Dealer,AMPL VARANASI- SAUMYA,9198330727,Telephone,Anil,DL548,2408276143,MB1T2VHD3RPCC9652,M153,Operational Mode,899164312448228,8.991643124482284e+19,2024-09-04 00:00:00,Commercial,Airtel,2025-01-05 00:00:00,2024-09-29 07:21:00,2024-12-27 19:24:00,2025-12-26 00:00:00,2024-10-23 02:59:00,2024-01-05 20:25:00,T&T,,Kilometers,6728,25.0,2025-03-17 17:20:00,Not Powering ON,,others,No,"Device not powering ON, Check fuse and output voltage at 32 pin connector, reset device thru coupler. Issue not resolved
Taken TAB support- USB ports not coming
Device taken for analysis",Repair,anilp@danlawtech.com,,upendram@danlawtech.com,N/A,,Pending,N/A,Goa,N/A,A25030018
N/A,,-25030051,AMPL VARANASI- SAUMYA,--,AMPL VARANASI- SAUMYA,9198330727,--,--,--,2408276143,MB1T2VHD3RPCC9652,M153,--,899164312448228,8.991643124482284e+19,N/A,--,--,N/A,N/A,N/A,N/A,N/A,N/A,--,ONE,--,6728,25.0,N/A,--,,--,Yes,,--,anilp@danlawtech.com,,,N/A,,Pending,N/A,--,N/A,-25030051
N/A,,-25030052,,--,,,--,--,--,,,,--,,,N/A,--,--,N/A,N/A,N/A,N/A,N/A,N/A,--,,--,,,N/A,--,,--,Yes,,--,,,,N/A,,Pending,N/A,--,N/A,-25030052
N/A,,-25030053,AMPL VARANASI- SAUMYA,--,AMPL VARANASI- SAUMYA,9198330727,--,--,--,2408276143,MB1T2VHD3RPCC9652,M153,--,899164312448228,8.991643124482284e+19,N/A,--,--,N/A,N/A,N/A,N/A,N/A,N/A,--,,--,6728,25.0,N/A,Not Powering ON,Aiternate Cabin,others,No,"Device not powering ON, Check fuse and output voltage at 32 pin connector, reset device thru coupler. Issue not resolved
Taken TAB support- USB ports not coming
Device taken for analysis",Repair,anilp@danlawtech.com,,kunal@danlawtech.com,N/A,,Pending,N/A,Goa,N/A,-25030053
N/A,,-25030054,AMPL VARANASI- SAUMYA,--,AMPL VARANASI- SAUMYA,9198330727,--,--,--,2408276143,MB1T2VHD3RPCC9652,M153,--,899164312448228,8.991643124482284e+19,N/A,--,--,N/A,N/A,N/A,N/A,N/A,N/A,--,,--,6728,25.0,N/A,Not Powering ON,Aiternate Cabin,others,No,"Device not powering ON, Check fuse and output voltage at 32 pin connector, reset device thru coupler. Issue not resolved
Taken TAB support- USB ports not coming
Device taken for analysis",Repair,anilp@danlawtech.com,,kunal@danlawtech.com,N/A,,Pending,N/A,Goa,N/A,-25030054
2025-03-17 17:20:00,,A25030019,AMPL VARANASI- SAUMYA,Dealer,AMPL VARANASI- SAUMYA,9198330727,Telephone,Anil,DL548,2408276143,MB1T2VHD3RPCC9652,M153,Operational Mode,899164312448228,8.991643124482284e+19,2024-09-04 00:00:00,Commercial,Airtel,2025-01-05 00:00:00,2024-10-29 07:21:00,2024-12-27 19:24:00,2025-12-26 00:00:00,2024-10-23 12:59:00,2025-01-05 20:25:00,T&T,,Kilometers,6728,25.0,2025-03-17 17:20:00,Not Powering ON,Aiternate Cabin,others,Yes,"Device not powering ON, Check fuse and output voltage at 32 pin connector, reset device thru coupler. Issue not resolved
Taken TAB support- USB ports not coming
Device taken for analysis",Repair,anilp@danlawtech.com,,kunal@danlawtech.com,N/A,,Pending,N/A,Goa,N/A,A25030019
2025-03-17 17:20:00,DTIL25030017,A25030020,AMPL VARANASI- SAUMYA,Dealer,AMPL VARANASI- SAUMYA,9198330727,Telephone,Anil,DL548,2408276143,MB1T2VHD3RPCC9652,M153,Operational Mode,899164312448228,8.991643124482284e+19,2024-09-04 00:00:00,Commercial,Airtel,2025-01-05 00:00:00,2024-10-29 07:21:00,2024-12-27 19:24:00,2025-12-26 00:00:00,2024-10-23 12:59:00,2025-01-05 20:25:00,T&T,,Kilometers,6728,25.0,2025-03-17 17:20:00,Not Powering ON,Aiternate Cabin,others,No,"Device not powering ON, Check fuse and output voltage at 32 pin connector, reset device thru coupler. Issue not resolved
Taken TAB support- USB ports not coming
Device taken for analysis",Repair,anilp@danlawtech.com,,kunal@danlawtech.com,2025-03-19 11:46:58,,Approved,2025-03-19 11:47:16,Goa,N/A,A25030020
N/A,,-25030055,,--,,,--,--,--,,,,--,,,N/A,--,--,N/A,N/A,N/A,N/A,N/A,N/A,--,SDFDSF SDF,--,,,N/A,--,,--,Yes,,--,,,,N/A,,Pending,N/A,--,N/A,-25030055
2025-03-17 17:20:00,DTIL25030018,A25030021,AMPL VARANASI- SAUMYA,Dealer,AMPL VARANASI- SAUMYA,9198330727,Telephone,Anil,DL548,2408276143,MB1T2VHD3RPCC9652,M153,Operational Mode,899164312448228,8.991643124482284e+19,2024-09-04 00:00:00,Commercial,Airtel,2025-01-05 00:00:00,2024-10-29 07:21:00,N/A,2025-12-26 00:00:00,2024-10-23 12:59:00,2025-01-05 20:25:00,T&T,UTTARPRADESH TO BIHAR,Kilometers,6728,25.0,2024-03-17 17:20:00,Not Powering ON,Aiternate Cabin,others,No,"Device not powering ON, Check fuse and output voltage at 32 pin connector, reset device thru coupler. Issue not resolved
Taken TAB support- USB ports not coming
Device taken for analysis",Repair,anilp@danlawtech.com,,kunal@danlawtech.com,2025-03-19 12:08:17,,Approved,2025-03-19 12:08:35,Goa,N/A,A25030021
N/A,,-25030056,,--,,,--,--,--,,,,--,,,N/A,--,--,N/A,N/A,N/A,N/A,N/A,N/A,--,OK DSAF,--,,,N/A,--,,--,Yes,,--,,,,N/A,,Pending,N/A,--,N/A,-25030056
2025-03-17 11:30:00,DTIL25030019,A25030022,Paras truck and busess-Ahemdabad,Dealer,Paras truck and busess-Ahemdabad,8849962312,Telephone,Anil,DL545,2209121081,MB1A5CHD0NEDJ3859,T217F68453,Operational Mode,867624067735950,8.991642053472254e+19,2022-09-16 00:00:00,Commercial,Airtel,2022-12-15 00:00:00,2022-10-20 19:33:00,2023-01-10 17:33:00,2025-05-29 00:00:00,2022-09-27 12:47:00,2025-02-22 20:25:00,Haulage,SAILEMTOAHMEDABAD,Kilometers,386882,24.0,2025-03-17 11:30:00,others,Air Horn,Sim-Reg issue,No,"Device GSM led not getting fixed, Device reset done,Taken tab support and checked on Q navigator found "" Sim is not ready""
Device taken for analysis",Repair,anilp@danlawtech.com,,kunal@danlawtech.com,2025-03-19 14:16:52,,Approved,2025-03-19 14:17:09,Goa,N/A,A25030022
2025-03-17 16:30:00,DTIL25030020,A25030023,MB motors pali,Dealer,MB motors pali,8824860289,Telephone,Anil,DL548,2307246150,MB1TSKHD3PRFM5881,G130M15323,Operational Mode,867192067965498,8.991643013472648e+19,2023-08-03 00:00:00,Commercial,Airtel,2023-09-06 00:00:00,2023-08-18 07:07:00,2023-09-14 14:32:00,2026-01-12 00:00:00,2023-08-17 22:19:00,2025-03-13 11:51:00,T&T,GUJARAT TO JODHPUR,Kilometers,223212,24.0,2025-03-17 16:30:00,Not Powering ON,Aiternate Cabin,others,No,"Device not powering ON, Check fuse and output voltage at 32 pin connector, reset device thru coupler. Issue not resolved
Taken TAB support- USB ports not coming
Device taken for analysis",Repair,anilp@danlawtech.com,,kunal@danlawtech.com,2025-03-19 14:31:25,,Approved,2025-03-19 14:31:42,Goa,N/A,A25030023
N/A,,-25030057,MB motors pali,--,MB motors pali,8824860289,--,--,--,2307246150,MB1TSKHD3PRFM5881,T217F6B453,--,564324567890876,8.991643013472648e+19,N/A,--,--,N/A,N/A,N/A,N/A,N/A,N/A,--,UTTARPRADESH,--,386822,24.0,N/A,--,,--,Yes,,--,,,,N/A,,Pending,N/A,--,N/A,-25030057
2025-03-15 17:54:00,,S25030021,MB motors pali,Customer,MB motors pali,8824860289,Mail,Siva,DL545,2307246150,MB1TSKHD3PRFM5881,T217F6B453,others,564324567890876,8.991643013472648e+19,N/A,Commercial,BSNL,N/A,N/A,N/A,N/A,N/A,N/A,E-com,UTTARPRADESH,Kilometers,386822,24.0,N/A,Not Powering ON,Aiternate Cabin,Sim-Reg issue,Yes,,--,,,,N/A,,Pending,N/A,--,N/A,S25030021
2025-03-19 20:55:00,,S25030022,MB motors pali,Dealer,MB motors pali,8824860289,Mail,Siva,DL548,2307246150,MB1TSKHD3PRFM5881,T217F6B453,Operational Mode,564324567890876,8.991643013472648e+19,2025-03-13 00:00:00,Commercial,Airtel,2025-03-02 00:00:00,2025-03-13 17:54:00,2025-03-10 17:54:00,2025-03-01 00:00:00,2025-03-07 17:55:00,2025-03-04 17:55:00,E-com,UTTARPRADESH FGHFH,Hours,386822,24.0,2025-03-14 17:55:00,Not Powering ON,Alt-Device,Sim-Reg issue,Yes,,--,,,,N/A,,Pending,N/A,--,N/A,S25030022
2025-03-15 17:56:00,,S25030023,MB motors pali,Customer,MB motors pali,8824860289,Mail,Siva,others,2307246150,MB1TSKHD3PRFM5881,T217F6B453,Plant Mode,564324567890876,8.991643013472648e+19,2025-03-14 00:00:00,Commercial,Dual,2025-03-14 00:00:00,2025-03-06 17:56:00,2025-04-06 17:56:00,2025-03-01 00:00:00,2025-03-19 18:56:00,2025-03-21 17:56:00,Haulage,UTTARPRADESH,Others,386822,24.0,2025-03-16 17:56:00,NO-DATA,Aiternate Cabin,SW-Issue,No,rere,Repair,upendram@danlawtech.com,r,upendram@danlawtech.com,N/A,,Pending,N/A,Hyderabad,N/A,S25030023
2025-03-15 17:56:00,,,MB motors pali,Customer,MB motors pali,8824860289,Mail,Siva,DL545,2307246150,MB1TSKHD3PRFM5881,T217F6B453,Plant Mode,564324567890876,8.99164301347265e+19,2025-03-14 00:00:00,Commercial,Dual,2025-03-14 00:00:00,2025-03-06 17:56:00,2025-04-06 17:56:00,2025-03-01 00:00:00,2025-03-19 18:56:00,2025-03-21 17:56:00,Haulage,UTTARPRADESH,Others,386822,24.0,2025-03-16 17:56:00,NO-DATA,"Air Horn, Aiternate Cabin, Alt-Device, Device Modification, Others",Sim Expired,No,rere,Monitor,upendram@danlawtech.com,r,upendram@danlawtech.com,N/A,,Pending,N/A,Hyderabad,N/A,
2025-03-09 23:25:00,,,MB motors pali,Dealer,MB motors pali,8824860289,I-Alert,Swamy,DL545,2307246150,MB1TSKHD3PRFM5881,T217F6B453,Operational Mode,564324567890876,8996430134726481,2025-03-07 00:00:00,Bootstrap,Airtel,2025-03-07 00:00:00,2025-03-22 23:25:00,2025-03-14 23:25:00,2025-03-09 00:00:00,2025-03-08 23:25:00,2025-03-15 23:25:00,Tipper,UTTARPRADESH,Hours,386822,24.0,2025-03-28 23:25:00,NRD,Alt-Device,Sim-Reg issue,No,ok,Repair,sales@danlawtech.com,,upendram@danlawtech.com,N/A,,Pending,N/A,Hyderabad,/media/uploads/FIR_ENTRIES_19_03_2025_10_28.csv,
N/A,DTIL25030021,S25030024,MB motors pali,Dealer,MB motors pali,8824860289,I-Alert,Swamy,DL545,2307246150,MB1TSKHD3PRFM5881,T217F6B453,Operational Mode,564324567890876,8.991643013472648e+19,N/A,Bootstrap,Airtel,N/A,N/A,N/A,N/A,N/A,N/A,Tipper,UTTARPRADESH,Hours,386822,24.0,N/A,NRD,,Sim-Reg issue,No,,--,,,,2025-03-19 23:43:18,,Approved,2025-03-19 23:43:31,--,N/A,S25030024
2025-03-08 11:14:00,,,MB motors pali,others,MB motors pali,8824860289,Telephone,Siva,--,2307246150,MB1TSKHD3PRFM5881,T217F6B453,--,564324567890876,899164301347264,N/A,--,--,N/A,N/A,N/A,N/A,N/A,N/A,--,UTTARPRADESH,Kilometers,386822,24.0,2025-03-08 11:11:00,NO-DATA,"Air Horn, Aiternate Cabin, Alt-Device, Device Modification, Others",Sim-Reg issue,No,sf,Monitor,sales@danlawtech.com,df,upendram@danlawtech.com,N/A,,Pending,N/A,others,N/A,
N/A,,,,Dealer,,,--,Swamy,--,,,,--,,,N/A,--,--,N/A,N/A,N/A,N/A,N/A,N/A,--,,--,,,N/A,--,,--,Yes,,--,,,,N/A,,Pending,N/A,--,N/A,
2025-03-15 12:13:00,,,MB motors pali,Dealer,MB motors pali,8824860289,I-Alert,Rishwanth,others,2307246150,MB1TSKHD3PRFM5881,T217F6B453,others,564324567890876,8.991643013472648e+19,2025-02-27 00:00:00,others,others,N/A,2025-03-14 12:13:00,2025-03-21 12:13:00,2025-03-23 00:00:00,2025-03-15 12:14:00,2025-03-16 12:13:00,E-com,UTTARPRADESH,Hours,386822,24.0,2025-03-23 12:14:00,100%V Packet,"Aiternate Cabin, Alt-Device",Disk Image,No,SDF,Repair,sales@danlawtech.com,,upendram@danlawtech.com,N/A,,Pending,N/A,Hyderabad,N/A,
2025-03-15 12:13:00,,,MB motors pali,Dealer,MB motors pali,8824860289,I-Alert,Rishwanth,others,2307246150,MB1TSKHD3PRFM5881,T217F6B453,others,564324567890876,899164301347264827,2025-02-27 00:00:00,others,others,N/A,2025-03-14 12:13:00,2025-03-21 12:13:00,2025-03-23 00:00:00,2025-03-15 12:14:00,2025-03-16 12:13:00,E-com,UTTARPRADESH,Hours,386822,24.0,2025-03-23 12:14:00,100%V Packet,"Aiternate Cabin, Alt-Device",Disk Image,No,SDF,Repair,sales@danlawtech.com,,upendram@danlawtech.com,N/A,,Pending,N/A,Hyderabad,N/A,
2025-03-15 12:13:00,,,MB motors pali,Dealer,MB motors pali,8824860289,I-Alert,Rishwanth,others,2307246150,MB1TSKHD3PRFM5881,T217F6B453,others,564324567890876,899164301347264827,2025-02-27 00:00:00,others,others,N/A,2025-03-14 12:13:00,2025-03-21 12:13:00,2025-03-23 00:00:00,2025-03-15 12:14:00,2025-03-16 12:13:00,E-com,UTTARPRADESH,Hours,386822,24.0,2025-03-23 12:14:00,100%V Packet,"Aiternate Cabin, Alt-Device",Disk Image,No,SDF,Repair,sales@danlawtech.com,,upendram@danlawtech.com,N/A,,Pending,N/A,Hyderabad,N/A,
2025-03-15 12:13:00,,,MB motors pali,Dealer,MB motors pali,8824860289,I-Alert,Rishwanth,others,2307246150,MB1TSKHD3PRFM5881,T217F6B453,others,564324567890876,899164301347264827,2025-02-27 00:00:00,others,others,N/A,2025-03-14 12:13:00,2025-03-21 12:13:00,2025-03-23 00:00:00,2025-03-15 12:14:00,2025-03-16 12:13:00,E-com,UTTARPRADESH TO BANNGLADESH,Hours,386822,24.0,2025-03-23 12:14:00,100%V Packet,"Aiternate Cabin, Alt-Device",Disk Image,No,SDF,Repair,sales@danlawtech.com,,upendram@danlawtech.com,N/A,,Pending,N/A,Hyderabad,N/A,
N/A,,,MB motors pali,--,MB motors pali,8824860289,--,--,--,2307246150,MB1TSKHD3PRFM5881,T217F6B453,--,564324567890876,8.991643013472648e+19,N/A,--,--,N/A,N/A,N/A,N/A,N/A,N/A,--,UTTARPRADESH,--,386822,24.0,N/A,--,,--,Yes,,--,,,,N/A,,Pending,N/A,--,N/A,
N/A,,,,--,,,--,--,--,234234,SDDFSDSAFADSF,,--,,,N/A,--,--,N/A,N/A,N/A,N/A,N/A,N/A,--,,--,,,N/A,--,,--,Yes,,--,,,,N/A,,Pending,N/A,--,N/A,
N/A,,,,--,,9390540794,--,--,--,234234,SDDFSDSAFADSF,,--,,,N/A,--,--,N/A,N/A,N/A,N/A,N/A,N/A,--,,--,,,N/A,--,,--,Yes,,--,,,,N/A,,Pending,N/A,--,N/A,
N/A,,,,--,,,--,--,--,,43dssfsdf,,--,,,N/A,--,--,N/A,N/A,N/A,N/A,N/A,N/A,--,,--,,,N/A,--,,--,Yes,,--,,,,N/A,,Pending,N/A,--,N/A,
N/A,,,,--,,,--,--,--,,,,--,,,N/A,--,--,N/A,N/A,N/A,N/A,N/A,N/A,--,,--,,,N/A,--,,--,Yes,,--,,,,N/A,,Pending,N/A,--,N/A,
N/A,,,,--,,,--,--,--,,,,--,,,N/A,--,--,N/A,N/A,N/A,N/A,N/A,N/A,--,,--,,,N/A,--,,--,Yes,,--,,,,N/A,,Pending,N/A,--,N/A,
N/A,,,,--,,9390540794,--,--,--,,,,--,,,N/A,--,--,N/A,N/A,N/A,N/A,N/A,N/A,--,,--,,,N/A,--,,--,Yes,,--,,,,N/A,,Pending,N/A,--,N/A,
N/A,,-25030058,MB motors pali,--,MB motors pali,8824860289,--,--,--,2307246150,MB1TSKHD3PRFM5881,T217F6B453,--,564324567890876,8.991643013472648e+19,N/A,--,--,N/A,N/A,N/A,N/A,N/A,N/A,--,UTTARPRADESH,--,386822,24.0,N/A,--,,--,Yes,,--,,,,N/A,,Pending,N/A,--,N/A,-25030058
N/A,DTIL25030022,,MB motors pali,AL Field,MB motors pali,8824860289,I-Alert,Anil,DL548,2307246150,MB1TSKHD3PRFM5881,T217F6B453,Operational Mode,564324567890876,8991643013472648,N/A,Bootstrap,--,N/A,N/A,N/A,N/A,N/A,N/A,E-com,UTTARPRADESH,Kilometers,386822,24.0,N/A,NRD,"Air Horn, Aiternate Cabin, Alt-Device, Device Modification",Disk Image,No,,--,sales@danlawtech.com,,upendram@danlawtech.com,2025-03-20 12:35:08,,Approved,2025-03-20 12:35:34,--,N/A,
N/A,,-25030059,MB motors pali,--,MB motors pali,8824860289,--,--,--,2307246150,MB1TSKHD3PRFM5881,T217F6B453,--,564324567890876,8.991643013472648e+19,N/A,--,--,N/A,N/A,N/A,N/A,N/A,N/A,--,UTTARPRADESH,--,386822,24.0,N/A,--,,--,No,dsf,Repair,sales@danlawtech.com,,upendram@danlawtech.com,N/A,,Pending,N/A,Chennai,N/A,-25030059
N/A,,,MB motors pali,Dealer,MB motors pali,8824860289,--,--,DL548,2307246150,MB1TSKHD3PRFM5881,T217F6B453,Operational Mode,564324567890876,8991643013472648,N/A,--,--,N/A,N/A,N/A,N/A,N/A,N/A,--,UTTARPRADESH,--,386822,24.0,N/A,--,"Air Horn, Aiternate Cabin, Alt-Device, Device Modification, Others",--,No,dsf,Repair,sales@danlawtech.com,,upendram@danlawtech.com,N/A,,Pending,N/A,Chennai,N/A,
N/A,,-25030060,MB motors pali,--,MB motors pali,8824860289,--,--,--,2307246150,MB1TSKHD3PRFM5881,T217F6B453,--,564324567890876,8.991643013472648e+19,N/A,--,--,N/A,N/A,N/A,N/A,N/A,N/A,--,UTTARPRADESH,--,386822,24.0,N/A,--,,--,Yes,,--,,,,N/A,,Pending,N/A,--,N/A,-25030060
N/A,,,MB motors pali,--,MB motors pali,8824860289,--,--,--,2307246150,MB1TSKHD3PRFM5881,T217F6B453,--,564324567890876,89916430137264819,N/A,--,--,N/A,N/A,N/A,N/A,N/A,N/A,--,UTTARPRADESH,--,386822,24.0,N/A,--,"Air Horn, Aiternate Cabin, Alt-Device, Device Modification",--,No,dsf,Repair,sales@danlawtech.com,,upendram@danlawtech.com,N/A,,Pending,N/A,--,N/A,
2025-03-13 14:28:00,,S25030025,MB motors pali,Customer,MB motors pali,8824860289,I-Alert,Siva,DL548,2307246150,MB1TSKHD3PRFM5881,T217F6B453,Operational Mode,564324567890876,8991643013472648270,2025-03-19 00:00:00,Commercial,BSNL,2025-03-15 00:00:00,2025-03-22 14:28:00,2025-02-21 14:28:00,2025-03-18 00:00:00,2025-03-11 14:28:00,2025-03-15 14:28:00,E-com,UTTARPRADESH,Kilometers,386822,24.0,2025-03-21 14:28:00,NRD,Alt-Device,Sim-Reg issue,No,"Not powering issue , done some woek",Repair,sales@danlawtech.com,,upendram@danlawtech.com,N/A,,Pending,N/A,Hyderabad,N/A,S25030025
2025-03-18 14:34:00,DTIL25030023,,MB motors pali,Dealer,MB motors pali,8824860289,Mail,Anil,DL545,2307246150,MB1TSKHD3PRFM5881,T217F6B453,Plant Mode,564324567890876,8991643013472648270,2025-03-13 00:00:00,Commercial,BSNL,2025-03-15 00:00:00,2025-03-05 14:34:00,2025-03-19 14:37:00,2025-03-04 00:00:00,2025-03-10 14:35:00,2025-03-01 14:35:00,LCV,UTTARPRADESH,Kilometers,386822,24.0,2025-03-18 14:35:00,Not Powering ON,"Air Horn, Aiternate Cabin, Alt-Device, Others",Disk Image,No,"I Varified physically, Vehicle having no dahboard, onfirmed it is v packet issue",Repair,sales@danlawtech.com,Not ok,upendram@danlawtech.com,N/A,Approved,Approved,2025-03-20 14:47:09,Chennai,N/A,
2025-04-20 15:48:00,DTIL25030024,,MB motors pali,Dealer,MB motors pali,8824860289,I-Alert,Anil,DL548,2307246150,MB1TSKHD3PRFM5881,T217F6B453,Plant Mode,564324567890876,8991643013472648270,2025-03-13 00:00:00,Bootstrap,Airtel,2025-03-21 00:00:00,2025-03-13 15:48:00,2025-03-15 15:48:00,2025-03-14 00:00:00,2025-03-16 15:48:00,2025-03-07 15:48:00,T&T,UTTARPRADESH,Kilometers,386822,24.0,2025-03-01 15:48:00,Latency,"Air Horn, Aiternate Cabin, Alt-Device, Device Modification",Sim-Reg issue,No,OK DONE,Repair,sales@danlawtech.com,,upendram@danlawtech.com,2025-03-20 15:50:17,,Approved,2025-03-20 15:55:53,Chennai,/media/uploads/FIR_ENTRIES_20_03_2025_15_38.csv,
N/A,,-25030061,,--,,,ok,--,--,,,,--,,,N/A,--,--,N/A,N/A,N/A,N/A,N/A,N/A,--,,--,,,N/A,--,,--,Yes,,--,,,,N/A,,Pending,N/A,--,N/A,-25030061
N/A,,-25030062,,--,,,others,--,--,,,,--,,,N/A,--,--,N/A,N/A,N/A,N/A,N/A,N/A,--,,--,,,N/A,--,,--,Yes,,--,,,,N/A,,Pending,N/A,--,N/A,-25030062
N/A,,-25030063,,--,,,others,--,--,,,,--,,,N/A,--,--,N/A,N/A,N/A,N/A,N/A,N/A,--,,--,,,N/A,--,,--,Yes,,--,,,,N/A,,Pending,N/A,--,N/A,-25030063
N/A,,-25030064,,,,,others,--,--,,,,--,,,N/A,--,--,N/A,N/A,N/A,N/A,N/A,N/A,--,,--,,,N/A,--,,--,Yes,,--,,,,N/A,,Pending,N/A,--,N/A,-25030064
N/A,,-25030065,Samuya,others,Samuya,,ok,--,--,,,,--,,89911643124482219,N/A,--,--,N/A,N/A,N/A,N/A,N/A,N/A,--,,--,,,N/A,--,,--,Yes,,--,,,,N/A,,Pending,N/A,--,N/A,-25030065
N/A,,-25030066,,--,,,oh,--,--,,,,--,,,N/A,--,--,N/A,N/A,N/A,N/A,N/A,N/A,--,,--,,,N/A,--,,--,Yes,,--,,,,N/A,,Pending,N/A,--,N/A,-25030066
N/A,,-25030067,,--,,,ok,--,--,,,,--,,,N/A,--,--,N/A,N/A,N/A,N/A,N/A,N/A,--,,--,,,N/A,--,,--,Yes,,--,,,,N/A,,Pending,N/A,--,N/A,-25030067
N/A,,E25030000,,--,,,I-Alert,Eliyas,--,,,,--,,,N/A,--,--,N/A,N/A,N/A,N/A,N/A,N/A,--,,--,,,N/A,--,,--,Yes,,--,,,,N/A,,Pending,N/A,--,N/A,E25030000
N/A,,A25030024,,--,,,I-Alert,Anil,DL320,,,,ANY ONE,,,N/A,NON MODE,Airtel,N/A,N/A,N/A,N/A,N/A,N/A,eweer,,Kilometers,,,N/A,Not Powering ON,,OK DONE,Yes,,--,,,,N/A,,Pending,N/A,Goa,N/A,A25030024
2025-03-16 23:27:00,,A25030025,Samuya,AL Service,Samuya,9390540794,I-Alert,Anil,DL320,2307246150,MB1TSKHD3PRFM5881,M153,NONE,564324567890876,1.234567890123457e+19,2025-03-20 00:00:00,NONE MODE,Airtel,2025-03-14 00:00:00,2025-03-13 23:28:00,2025-03-19 23:28:00,2025-03-07 00:00:00,2025-03-13 23:28:00,2025-03-07 23:28:00,T&T,UTTARPRADESH TO DELHI,Kilometers,23432,24.0,2025-03-16 23:29:00,V -PACKET,Aiternate Cabin,NONE,No,DONE WORKING,Others,upendram@danlawtech.com,,upendram@danlawtech.com,N/A,,Pending,N/A,Goa,N/A,A25030025
2025-03-16 23:27:00,,A25030026,Samuya,AL Service,Samuya,9390540794,I-Alert,Anil,DL320,2307246150,MB1TSKHD3PRFM5881,M153,NONE,564324567890876,1.234567890123457e+19,2025-03-20 00:00:00,NONE MODE,Airtel,2025-03-14 00:00:00,2025-03-13 23:28:00,2025-03-19 23:28:00,2025-03-07 00:00:00,2025-03-13 23:28:00,2025-03-07 23:28:00,T&T,UTTARPRADESH TO DELHI,Kilometers,23432,24.0,2025-03-16 23:29:00,V -PACKET,Aiternate Cabin,NONE,No,DONE WORKING,Others,upendram@danlawtech.com,,upendram@danlawtech.com,N/A,,Pending,N/A,Goa,N/A,A25030026
N/A,,A25030027,,--,,,I-Alert,Anil,DL545,,,,Operational Mode,,,N/A,Bootstrap,Airtel,N/A,N/A,N/A,N/A,N/A,N/A,Tipper,,Kilometers,,,N/A,Not Powering ON,,sdgsf,Yes,,--,,,,N/A,,Pending,N/A,Goa,N/A,A25030027
2025-03-19 23:33:00,,U25030000,Samuya,Customer,Samuya,9390540794,I-Alert,Upendra Reddy,DL320,2407047122,MB1TSKHD3PRFM5881,M153,nine,564324567890876,8991643013472648270,2025-03-14 00:00:00,Bootstrap,Airtel,2025-03-09 00:00:00,2025-03-07 23:32:00,2025-03-05 23:32:00,2025-03-06 00:00:00,2025-03-01 23:32:00,2025-03-02 23:32:00,Tipper,UTTARPRADESH,Kilometers,287321,24.0,2025-03-20 23:32:00,V-PACKET,,ok good,No,NOT WORKING,Replace,sales@danlawtech.com,,upendram@danlawtech.com,N/A,,Pending,N/A,Goa,N/A,U25030000
2025-03-19 23:33:00,,,Samuya,Customer,Samuya,9390540794,I-Alert,Upendra Reddy,DL320,2407047122,MB1TSKHD3PRFM5881,M153,nine,564324567890876,8991643013472648270,2025-03-14 00:00:00,Bootstrap,Airtel,2025-03-09 00:00:00,2025-03-07 23:32:00,2025-03-05 23:32:00,2025-03-06 00:00:00,2025-03-01 23:32:00,2025-03-02 23:32:00,,UTTARPRADESH,Kilometers,287321,24.0,2025-03-20 23:32:00,NONO SENSE,,ok good,No,NOT WORKING,Replace,sales@danlawtech.com,,upendram@danlawtech.com,N/A,,Pending,N/A,Goa,N/A,
2025-03-21 12:45:00,DTIL25030025,,Samuya,Dealer,Samuya,9390540794,I-Alert,Upendra Reddy,DL545,2407047122,MB1TSKHD3PRFM5881,M153,Operational Mode,564324567890876,8991643013472648270,2025-03-13 00:00:00,Bootstrap,Airtel,2025-03-09 00:00:00,2025-03-03 10:45:00,2025-03-05 10:45:00,N/A,2025-03-19 10:45:00,2025-03-05 10:45:00,,UTTARPRADESH,Kilometers,287321,24.0,2025-03-16 10:45:00,Not Powering ON,"Aiternate Cabin, Alt-Device, Device Modification",Disk Image,No,NOT WORKING,Repair,sales@danlawtech.com,,upendram@danlawtech.com,2025-03-21 10:47:02,,Approved,2025-03-21 11:11:22,Goa,/media/uploads/FIR_ENTRIES_20_03_2025_15_38_HyvLAae.csv,
