Message ID,Message Type,Event Time,Ingestion Timestamp,Latitude,Longitude,Sequence Number,Trip Number,Fix Quality,Packet Status,Config Version,Firmware Version,Address,Odometer,Vehicle Speed,Trip Type,Ignition Status,Altitude,Heading,Number of Satellites,GSM Strength,Time Diff (sec),Time Range
9c83832c-fc75-43a6-8764-fa3ce40322cb-1,EDC_BS6_PERIODIC,2025-11-26 00:00:04,2025-11-26 00:00:19,18.5425568,73.9526976,61640.0,,FixOK,A,ObG5CU0302,G131b15423,"Unnamed Road, Maharashtra 411036, India",115003.25,0.0,IgnitionOn,1,562.741,126.79,7.0,-55.0,15.0,0-5Mins
bb0ef075-5a08-4b99-a84c-8503f4641f20-3,EDC_BS6_PERIODIC,2025-11-26 00:00:10,2025-11-26 00:17:25,18.5425024,73.952672,61641.0,,FixOK,A,ObG5CU0302,G131b15423,"Unnamed Road, Maharashtra 411036, India",115003.25,0.0,IgnitionOn,1,562.773,126.79,7.0,-55.0,1035.0,15-30Mins
32b18bfd-6b29-4e1d-a1bc-419ad008ec9a-10,EDC_BS6_PERIODIC,2025-11-26 00:00:16,2025-11-26 00:01:20,18.5425024,73.952672,61642.0,,FixOK,A,ObG5CU0302,G131b15423,"Unnamed Road, Maharashtra 411036, India",115003.25,0.0,IgnitionOn,1,562.783,126.79,8.0,-55.0,64.0,0-5Mins
32b18bfd-6b29-4e1d-a1bc-419ad008ec9a-9,EDC_BS6_PERIODIC,2025-11-26 00:00:22,2025-11-26 00:01:20,18.5424128,73.9525696,61643.0,,FixOK,A,ObG5CU0302,G131b15423,"Unnamed Road, Maharashtra 411036, India",115003.25,0.0,IgnitionOn,1,563.153,47.13,7.0,-55.0,58.0,0-5Mins
32b18bfd-6b29-4e1d-a1bc-419ad008ec9a-8,EDC_BS6_PERIODIC,2025-11-26 00:00:28,2025-11-26 00:01:20,18.5424288,73.952512,61644.0,,FixOK,A,ObG5CU0302,G131b15423,"Unnamed Road, Maharashtra 411036, India",115003.25,0.0,IgnitionOn,1,563.206,47.13,8.0,-55.0,52.0,0-5Mins
32b18bfd-6b29-4e1d-a1bc-419ad008ec9a-7,EDC_BS6_PERIODIC,2025-11-26 00:00:34,2025-11-26 00:01:20,18.542424,73.9524992,61645.0,,FixOK,A,ObG5CU0302,G131b15423,"Unnamed Road, Maharashtra 411036, India",115003.25,0.0,IgnitionOn,1,563.205,47.13,6.0,-55.0,46.0,0-5Mins
32b18bfd-6b29-4e1d-a1bc-419ad008ec9a-6,EDC_BS6_PERIODIC,2025-11-26 00:00:40,2025-11-26 00:01:20,18.5424288,73.952448,61646.0,,FixOK,A,ObG5CU0302,G131b15423,"Unnamed Road, Maharashtra 411036, India",115003.25,0.0,IgnitionOn,1,563.242,47.13,8.0,-55.0,40.0,0-5Mins
32b18bfd-6b29-4e1d-a1bc-419ad008ec9a-5,EDC_BS6_PERIODIC,2025-11-26 00:00:46,2025-11-26 00:01:20,18.5424,73.952448,61647.0,,FixOK,A,ObG5CU0302,G131b15423,"Unnamed Road, Maharashtra 411036, India",115003.25,0.0,IgnitionOn,1,563.3,47.13,6.0,-55.0,34.0,0-5Mins
32b18bfd-6b29-4e1d-a1bc-419ad008ec9a-4,EDC_BS6_PERIODIC,2025-11-26 00:00:52,2025-11-26 00:01:20,18.542384,73.95248,61648.0,,FixOK,A,ObG5CU0302,G131b15423,"Unnamed Road, Maharashtra 411036, India",115003.25,0.0,IgnitionOn,1,563.491,47.13,5.0,-55.0,28.0,0-5Mins
32b18bfd-6b29-4e1d-a1bc-419ad008ec9a-3,EDC_BS6_PERIODIC,2025-11-26 00:00:58,2025-11-26 00:01:20,18.542384,73.95248,61649.0,,FixOK,A,ObG5CU0302,G131b15423,"Unnamed Road, Maharashtra 411036, India",115003.25,0.0,IgnitionOn,1,563.491,47.13,5.0,-55.0,22.0,0-5Mins
32b18bfd-6b29-4e1d-a1bc-419ad008ec9a-2,EDC_BS6_PERIODIC,2025-11-26 00:01:04,2025-11-26 00:01:20,18.542312,73.952512,61650.0,,FixOK,A,ObG5CU0302,G131b15423,"Unnamed Road, Maharashtra 411036, India",115003.25,0.0,IgnitionOn,1,563.734,47.13,6.0,-55.0,16.0,0-5Mins
32b18bfd-6b29-4e1d-a1bc-419ad008ec9a-1,EDC_BS6_PERIODIC,2025-11-26 00:01:10,2025-11-26 00:01:20,18.542312,73.9525248,61651.0,,FixOK,A,ObG5CU0302,G131b15423,"Unnamed Road, Maharashtra 411036, India",115003.25,0.0,IgnitionOn,1,563.736,47.13,7.0,-55.0,10.0,0-5Mins
c972a7c0-40ff-4642-aca4-4b430a29aa74-10,EDC_BS6_PERIODIC,2025-11-26 00:01:16,2025-11-26 00:02:21,18.542328,73.9524992,61652.0,,FixOK,A,ObG5CU0302,G131b15423,"Unnamed Road, Maharashtra 411036, India",115003.25,0.0,IgnitionOn,1,563.784,47.13,7.0,-55.0,65.0,0-5Mins
c972a7c0-40ff-4642-aca4-4b430a29aa74-9,EDC_BS6_PERIODIC,2025-11-26 00:01:22,2025-11-26 00:02:21,18.5423552,73.9524544,61653.0,,FixOK,A,ObG5CU0302,G131b15423,"Unnamed Road, Maharashtra 411036, India",115003.25,0.0,IgnitionOn,1,563.805,47.13,7.0,-55.0,59.0,0-5Mins
c972a7c0-40ff-4642-aca4-4b430a29aa74-8,EDC_BS6_PERIODIC,2025-11-26 00:01:28,2025-11-26 00:02:21,18.542288,73.95248,61654.0,,FixOK,A,ObG5CU0302,G131b15423,"Unnamed Road, Maharashtra 411036, India",115003.25,0.0,IgnitionOn,1,563.661,47.13,7.0,-55.0,53.0,0-5Mins
c972a7c0-40ff-4642-aca4-4b430a29aa74-7,EDC_BS6_PERIODIC,2025-11-26 00:01:34,2025-11-26 00:02:21,18.542272,73.952448,61655.0,,FixOK,A,ObG5CU0302,G131b15423,"Unnamed Road, Maharashtra 411036, India",115003.25,0.0,IgnitionOn,1,563.58,47.13,7.0,-55.0,47.0,0-5Mins
c972a7c0-40ff-4642-aca4-4b430a29aa74-6,EDC_BS6_PERIODIC,2025-11-26 00:01:40,2025-11-26 00:02:21,18.5422752,73.952416,61656.0,,FixOK,A,ObG5CU0302,G131b15423,"Unnamed Road, Maharashtra 411036, India",115003.25,0.0,IgnitionOn,1,563.546,303.75,6.0,-55.0,41.0,0-5Mins
c972a7c0-40ff-4642-aca4-4b430a29aa74-5,EDC_BS6_PERIODIC,2025-11-26 00:01:46,2025-11-26 00:02:21,18.5422528,73.9524224,61657.0,,FixOK,A,ObG5CU0302,G131b15423,"Unnamed Road, Maharashtra 411036, India",115003.25,0.0,IgnitionOn,1,563.547,303.75,6.0,-55.0,35.0,0-5Mins
c972a7c0-40ff-4642-aca4-4b430a29aa74-4,EDC_BS6_PERIODIC,2025-11-26 00:01:52,2025-11-26 00:02:21,18.542208,73.9524608,61658.0,,FixOK,A,ObG5CU0302,G131b15423,"Unnamed Road, Maharashtra 411036, India",115003.25,0.0,IgnitionOn,1,563.567,303.75,5.0,-55.0,29.0,0-5Mins
c972a7c0-40ff-4642-aca4-4b430a29aa74-3,EDC_BS6_PERIODIC,2025-11-26 00:01:58,2025-11-26 00:02:21,18.5420448,73.952576,61659.0,,FixOK,A,ObG5CU0302,G131b15423,"Unnamed Road, Maharashtra 411036, India",115003.25,0.0,IgnitionOn,1,563.555,303.75,5.0,-55.0,23.0,0-5Mins
c972a7c0-40ff-4642-aca4-4b430a29aa74-2,EDC_BS6_PERIODIC,2025-11-26 00:02:04,2025-11-26 00:02:21,18.54204,73.952672,61660.0,,FixOK,A,ObG5CU0302,G131b15423,"Unnamed Road, Maharashtra 411036, India",115003.25,0.0,IgnitionOn,1,563.627,132.55,4.0,-55.0,17.0,0-5Mins
c972a7c0-40ff-4642-aca4-4b430a29aa74-1,EDC_BS6_PERIODIC,2025-11-26 00:02:10,2025-11-26 00:02:21,18.54204,73.952672,61661.0,,FixOK,A,ObG5CU0302,G131b15423,"Unnamed Road, Maharashtra 411036, India",115003.25,0.0,IgnitionOn,1,563.627,132.55,4.0,-55.0,11.0,0-5Mins
3cef89ab-ee60-42f2-93ba-96c68792f02f-10,EDC_BS6_PERIODIC,2025-11-26 00:02:16,2025-11-26 00:03:22,18.54204,73.952672,61662.0,,FixOK,A,ObG5CU0302,G131b15423,"Unnamed Road, Maharashtra 411036, India",115003.25,0.0,IgnitionOn,1,563.627,132.55,4.0,-55.0,66.0,0-5Mins
3cef89ab-ee60-42f2-93ba-96c68792f02f-9,EDC_BS6_PERIODIC,2025-11-26 00:02:22,2025-11-26 00:03:22,18.54204,73.952672,61663.0,,FixOK,A,ObG5CU0302,G131b15423,"Unnamed Road, Maharashtra 411036, India",115003.25,0.0,IgnitionOn,1,563.627,132.55,4.0,-55.0,60.0,0-5Mins
3cef89ab-ee60-42f2-93ba-96c68792f02f-8,EDC_BS6_PERIODIC,2025-11-26 00:02:28,2025-11-26 00:03:22,18.54204,73.952672,61664.0,,FixOK,A,ObG5CU0302,G131b15423,"Unnamed Road, Maharashtra 411036, India",115003.25,0.0,IgnitionOn,1,563.627,132.55,4.0,-55.0,54.0,0-5Mins
3cef89ab-ee60-42f2-93ba-96c68792f02f-7,EDC_BS6_PERIODIC,2025-11-26 00:02:34,2025-11-26 00:03:22,18.54204,73.952672,61665.0,,FixOK,A,ObG5CU0302,G131b15423,"Unnamed Road, Maharashtra 411036, India",115003.25,0.0,IgnitionOn,1,563.627,132.55,4.0,-55.0,48.0,0-5Mins
3cef89ab-ee60-42f2-93ba-96c68792f02f-6,EDC_BS6_PERIODIC,2025-11-26 00:02:40,2025-11-26 00:03:22,18.5419904,73.9524736,61666.0,,FixOK,A,ObG5CU0302,G131b15423,"Unnamed Road, Maharashtra 411036, India",115003.25,0.0,IgnitionOn,1,544.619,132.55,5.0,-55.0,42.0,0-5Mins
3cef89ab-ee60-42f2-93ba-96c68792f02f-5,EDC_BS6_PERIODIC,2025-11-26 00:02:46,2025-11-26 00:03:22,18.5419872,73.952352,61667.0,,FixOK,A,ObG5CU0302,G131b15423,"Unnamed Road, Maharashtra 411036, India",115003.25,0.0,IgnitionOn,1,551.317,132.55,5.0,-55.0,36.0,0-5Mins
3cef89ab-ee60-42f2-93ba-96c68792f02f-4,EDC_BS6_PERIODIC,2025-11-26 00:02:52,2025-11-26 00:03:22,18.542008,73.95232,61668.0,,FixOK,A,ObG5CU0302,G131b15423,"Unnamed Road, Maharashtra 411036, India",115003.25,0.0,IgnitionOn,1,557.116,132.55,6.0,-55.0,30.0,0-5Mins
3cef89ab-ee60-42f2-93ba-96c68792f02f-3,EDC_BS6_PERIODIC,2025-11-26 00:02:58,2025-11-26 00:03:22,18.5420176,73.95232,61669.0,,FixOK,A,ObG5CU0302,G131b15423,"Unnamed Road, Maharashtra 411036, India",115003.25,0.0,IgnitionOn,1,559.755,132.55,5.0,-55.0,24.0,0-5Mins
3cef89ab-ee60-42f2-93ba-96c68792f02f-2,EDC_BS6_PERIODIC,2025-11-26 00:03:04,2025-11-26 00:03:22,18.5420336,73.952352,61670.0,,FixOK,A,ObG5CU0302,G131b15423,"Unnamed Road, Maharashtra 411036, India",115003.25,0.0,IgnitionOn,1,559.859,132.55,6.0,-55.0,18.0,0-5Mins
3cef89ab-ee60-42f2-93ba-96c68792f02f-1,EDC_BS6_PERIODIC,2025-11-26 00:03:10,2025-11-26 00:03:22,18.542032,73.9523328,61671.0,,FixOK,A,ObG5CU0302,G131b15423,"Unnamed Road, Maharashtra 411036, India",115003.25,0.0,IgnitionOn,1,559.846,132.55,6.0,-55.0,12.0,0-5Mins
b39f1365-1c08-41ac-95e7-a0d5ff34f30a-10,EDC_BS6_PERIODIC,2025-11-26 00:03:16,2025-11-26 00:04:23,18.542072,73.9523456,61672.0,,FixOK,A,ObG5CU0302,G131b15423,"GXR2+VV4, Pune, Maharashtra 411036, India",115003.25,0.0,IgnitionOn,1,559.816,132.55,6.0,-55.0,67.0,0-5Mins
b39f1365-1c08-41ac-95e7-a0d5ff34f30a-9,EDC_BS6_PERIODIC,2025-11-26 00:03:22,2025-11-26 00:04:23,18.5421088,73.9523456,61673.0,,FixOK,A,ObG5CU0302,G131b15423,"GXR2+VV4, Pune, Maharashtra 411036, India",115003.25,0.0,IgnitionOn,1,559.818,132.55,6.0,-55.0,61.0,0-5Mins
b39f1365-1c08-41ac-95e7-a0d5ff34f30a-8,EDC_BS6_PERIODIC,2025-11-26 00:03:28,2025-11-26 00:04:23,18.5421312,73.9522816,61674.0,,FixOK,A,ObG5CU0302,G131b15423,"GXR2+VV4, Pune, Maharashtra 411036, India",115003.25,0.0,IgnitionOn,1,559.791,132.55,6.0,-55.0,55.0,0-5Mins
b39f1365-1c08-41ac-95e7-a0d5ff34f30a-7,EDC_BS6_PERIODIC,2025-11-26 00:03:34,2025-11-26 00:04:23,18.5420928,73.9521792,61675.0,,FixOK,A,ObG5CU0302,G131b15423,"GXR2+VV4, Pune, Maharashtra 411036, India",115003.25,0.0,IgnitionOn,1,559.838,277.7,6.0,-55.0,49.0,0-5Mins
b39f1365-1c08-41ac-95e7-a0d5ff34f30a-6,EDC_BS6_PERIODIC,2025-11-26 00:03:40,2025-11-26 00:04:23,18.5421408,73.9524992,61676.0,,FixOK,A,ObG5CU0302,G131b15423,"GXR2+VV4, Pune, Maharashtra 411036, India",115003.25,0.0,IgnitionOn,1,560.341,277.7,7.0,-55.0,43.0,0-5Mins
b39f1365-1c08-41ac-95e7-a0d5ff34f30a-5,EDC_BS6_PERIODIC,2025-11-26 00:03:46,2025-11-26 00:04:23,18.5421568,73.9525696,61677.0,,FixOK,A,ObG5CU0302,G131b15423,"GXR2+VV4, Pune, Maharashtra 411036, India",115003.25,0.0,IgnitionOn,1,560.419,277.7,6.0,-55.0,37.0,0-5Mins
b39f1365-1c08-41ac-95e7-a0d5ff34f30a-4,EDC_BS6_PERIODIC,2025-11-26 00:03:52,2025-11-26 00:04:23,18.5421216,73.9525824,61678.0,,FixOK,A,ObG5CU0302,G131b15423,"GXR2+VV4, Pune, Maharashtra 411036, India",115003.25,0.0,IgnitionOn,1,560.382,277.7,7.0,-55.0,31.0,0-5Mins
b39f1365-1c08-41ac-95e7-a0d5ff34f30a-3,EDC_BS6_PERIODIC,2025-11-26 00:03:58,2025-11-26 00:04:23,18.5421456,73.95264,61679.0,,FixOK,A,ObG5CU0302,G131b15423,"GXR2+VV4, Pune, Maharashtra 411036, India",115003.25,0.0,IgnitionOn,1,560.294,277.7,7.0,-55.0,25.0,0-5Mins
b39f1365-1c08-41ac-95e7-a0d5ff34f30a-2,EDC_BS6_PERIODIC,2025-11-26 00:04:04,2025-11-26 00:04:23,18.5421472,73.9526784,61680.0,,FixOK,A,ObG5CU0302,G131b15423,"GXR2+VV4, Pune, Maharashtra 411036, India",115003.25,0.0,IgnitionOn,1,560.291,277.7,6.0,-55.0,19.0,0-5Mins
b39f1365-1c08-41ac-95e7-a0d5ff34f30a-1,EDC_BS6_PERIODIC,2025-11-26 00:04:10,2025-11-26 00:04:23,18.54216,73.952704,61681.0,,FixOK,A,ObG5CU0302,G131b15423,"GXR2+VV4, Pune, Maharashtra 411036, India",115003.25,0.0,IgnitionOn,1,560.268,277.7,5.0,-55.0,13.0,0-5Mins
f6cc2850-c951-4ad4-9582-41f383d811c4-10,EDC_BS6_PERIODIC,2025-11-26 00:04:16,2025-11-26 00:05:24,18.5421408,73.9526912,61682.0,,FixOK,A,ObG5CU0302,G131b15423,"GXR2+VV4, Pune, Maharashtra 411036, India",115003.25,0.0,IgnitionOn,1,560.276,277.7,6.0,-61.0,68.0,0-5Mins
f6cc2850-c951-4ad4-9582-41f383d811c4-9,EDC_BS6_PERIODIC,2025-11-26 00:04:22,2025-11-26 00:05:24,18.5421312,73.9526656,61683.0,,FixOK,A,ObG5CU0302,G131b15423,"GXR2+VV4, Pune, Maharashtra 411036, India",115003.25,0.0,IgnitionOn,1,560.276,277.7,8.0,-61.0,62.0,0-5Mins
f6cc2850-c951-4ad4-9582-41f383d811c4-8,EDC_BS6_PERIODIC,2025-11-26 00:04:28,2025-11-26 00:05:24,18.5420992,73.952672,61684.0,,FixOK,A,ObG5CU0302,G131b15423,"GXR2+VV4, Pune, Maharashtra 411036, India",115003.25,0.0,IgnitionOn,1,560.276,277.7,9.0,-61.0,56.0,0-5Mins
f6cc2850-c951-4ad4-9582-41f383d811c4-7,EDC_BS6_PERIODIC,2025-11-26 00:04:34,2025-11-26 00:05:24,18.542064,73.952672,61685.0,,FixOK,A,ObG5CU0302,G131b15423,"GXR2+VV4, Pune, Maharashtra 411036, India",115003.25,0.0,IgnitionOn,1,560.226,277.7,9.0,-61.0,50.0,0-5Mins
f6cc2850-c951-4ad4-9582-41f383d811c4-6,EDC_BS6_PERIODIC,2025-11-26 00:04:40,2025-11-26 00:05:24,18.542064,73.952672,61686.0,,FixOK,A,ObG5CU0302,G131b15423,"GXR2+VV4, Pune, Maharashtra 411036, India",115003.25,0.0,IgnitionOn,1,560.226,277.7,9.0,-61.0,44.0,0-5Mins
f6cc2850-c951-4ad4-9582-41f383d811c4-5,EDC_BS6_PERIODIC,2025-11-26 00:04:46,2025-11-26 00:05:24,18.542064,73.952672,61687.0,,FixOK,A,ObG5CU0302,G131b15423,"GXR2+VV4, Pune, Maharashtra 411036, India",115003.25,0.0,IgnitionOn,1,560.226,277.7,8.0,-61.0,38.0,0-5Mins
f6cc2850-c951-4ad4-9582-41f383d811c4-4,EDC_BS6_PERIODIC,2025-11-26 00:04:52,2025-11-26 00:05:24,18.5420512,73.9526912,61688.0,,FixOK,A,ObG5CU0302,G131b15423,"GXR2+VV4, Pune, Maharashtra 411036, India",115003.25,0.0,IgnitionOn,1,560.101,277.7,7.0,-61.0,32.0,0-5Mins
f6cc2850-c951-4ad4-9582-41f383d811c4-3,EDC_BS6_PERIODIC,2025-11-26 00:04:58,2025-11-26 00:05:24,18.5420256,73.952736,61689.0,,FixOK,A,ObG5CU0302,G131b15423,"GXR2+VV4, Pune, Maharashtra 411036, India",115003.25,0.0,IgnitionOn,1,560.228,277.7,7.0,-61.0,26.0,0-5Mins
f6cc2850-c951-4ad4-9582-41f383d811c4-2,EDC_BS6_PERIODIC,2025-11-26 00:05:04,2025-11-26 00:05:24,18.54204,73.952736,61690.0,,FixOK,A,ObG5CU0302,G131b15423,"GXR2+VV4, Pune, Maharashtra 411036, India",115003.25,0.0,IgnitionOn,1,560.253,277.7,8.0,-61.0,20.0,0-5Mins
f6cc2850-c951-4ad4-9582-41f383d811c4-1,EDC_BS6_PERIODIC,2025-11-26 00:05:10,2025-11-26 00:05:24,18.542056,73.952768,61691.0,,FixOK,A,ObG5CU0302,G131b15423,"GXR2+VV4, Pune, Maharashtra 411036, India",115003.25,0.0,IgnitionOn,1,560.33,277.7,9.0,-61.0,14.0,0-5Mins
bb0ef075-5a08-4b99-a84c-8503f4641f20-2,EDC_BS6_PERIODIC,2025-11-26 00:05:16,2025-11-26 00:17:25,18.5420512,73.9527552,61692.0,,FixOK,A,ObG5CU0302,G131b15423,"Unnamed Road, Maharashtra 411036, India",115003.25,0.0,IgnitionOn,1,560.367,277.7,9.0,-61.0,729.0,5-15Mins
653d4057-fa60-48a3-813c-246ba4959880-10,EDC_BS6_PERIODIC,2025-11-26 00:05:22,2025-11-26 00:06:25,18.5420608,73.952704,61693.0,,FixOK,A,ObG5CU0302,G131b15423,"GXR2+VV4, Pune, Maharashtra 411036, India",115003.25,0.0,IgnitionOn,1,560.418,263.63,11.0,-61.0,63.0,0-5Mins
653d4057-fa60-48a3-813c-246ba4959880-9,EDC_BS6_PERIODIC,2025-11-26 00:05:28,2025-11-26 00:06:25,18.5420672,73.9526784,61694.0,,FixOK,A,ObG5CU0302,G131b15423,"GXR2+VV4, Pune, Maharashtra 411036, India",115003.25,0.0,IgnitionOn,1,560.486,263.63,10.0,-61.0,57.0,0-5Mins
653d4057-fa60-48a3-813c-246ba4959880-8,GPS_MESSAGE,2025-11-26 00:05:29,2025-11-26 00:06:25,18.542072,73.9526784,,,3DFix,,ObG5CU0302,G131b15423,"GXR2+VV4, Pune, Maharashtra 411036, India",0.0,0.0,IgnitionOn,1,560.0,25.0,10.0,,56.0,0-5Mins
653d4057-fa60-48a3-813c-246ba4959880-7,EDC_BS6_PERIODIC,2025-11-26 00:05:34,2025-11-26 00:06:25,18.542088,73.952704,61695.0,,FixOK,A,ObG5CU0302,G131b15423,"GXR2+VV4, Pune, Maharashtra 411036, India",115003.25,0.0,IgnitionOn,1,560.526,263.63,10.0,-61.0,51.0,0-5Mins
653d4057-fa60-48a3-813c-246ba4959880-6,EDC_BS6_PERIODIC,2025-11-26 00:05:40,2025-11-26 00:06:25,18.5420992,73.9527104,61696.0,,FixOK,A,ObG5CU0302,G131b15423,"GXR2+VV4, Pune, Maharashtra 411036, India",115003.25,0.0,IgnitionOn,1,560.549,263.63,9.0,-61.0,45.0,0-5Mins
653d4057-fa60-48a3-813c-246ba4959880-5,EDC_BS6_PERIODIC,2025-11-26 00:05:46,2025-11-26 00:06:25,18.542144,73.9527296,61697.0,,FixOK,A,ObG5CU0302,G131b15423,"GXR2+VV4, Pune, Maharashtra 411036, India",115003.25,0.0,IgnitionOn,1,560.635,263.63,9.0,-61.0,39.0,0-5Mins
653d4057-fa60-48a3-813c-246ba4959880-4,EDC_BS6_PERIODIC,2025-11-26 00:05:52,2025-11-26 00:06:25,18.5421952,73.9527616,61698.0,,FixOK,A,ObG5CU0302,G131b15423,"GXR2+VV4, Pune, Maharashtra 411036, India",115003.25,0.0,IgnitionOn,1,560.796,55.97,8.0,-61.0,33.0,0-5Mins
653d4057-fa60-48a3-813c-246ba4959880-3,EDC_BS6_PERIODIC,2025-11-26 00:05:58,2025-11-26 00:06:25,18.5422176,73.9527808,61699.0,,FixOK,A,ObG5CU0302,G131b15423,"GXR2+VV4, Pune, Maharashtra 411036, India",115003.25,0.0,IgnitionOn,1,560.908,55.97,8.0,-61.0,27.0,0-5Mins
653d4057-fa60-48a3-813c-246ba4959880-2,EDC_BS6_PERIODIC,2025-11-26 00:06:04,2025-11-26 00:06:25,18.542224,73.9527744,61700.0,,FixOK,A,ObG5CU0302,G131b15423,"GXR2+VV4, Pune, Maharashtra 411036, India",115003.25,0.0,IgnitionOn,1,561.012,55.97,7.0,-61.0,21.0,0-5Mins
653d4057-fa60-48a3-813c-246ba4959880-1,EDC_BS6_PERIODIC,2025-11-26 00:06:10,2025-11-26 00:06:25,18.5422176,73.9527168,61701.0,,FixOK,A,ObG5CU0302,G131b15423,"GXR2+VV4, Pune, Maharashtra 411036, India",115003.25,0.0,IgnitionOn,1,561.164,55.97,8.0,-61.0,15.0,0-5Mins
bb0ef075-5a08-4b99-a84c-8503f4641f20-1,EDC_BS6_PERIODIC,2025-11-26 00:06:16,2025-11-26 00:17:25,18.5422176,73.9527104,61702.0,,FixOK,A,ObG5CU0302,G131b15423,"Unnamed Road, Maharashtra 411036, India",115003.25,0.0,IgnitionOn,1,561.463,55.97,9.0,-61.0,669.0,5-15Mins
922e81ab-75c1-44be-b2a7-0c650c5c9327-10,EDC_BS6_PERIODIC,2025-11-26 00:06:22,2025-11-26 00:07:27,18.5421888,73.9527296,61703.0,,FixOK,A,ObG5CU0302,G131b15423,"Unnamed Road, Maharashtra 411036, India",115003.25,0.0,IgnitionOn,1,561.565,55.97,10.0,-61.0,65.0,0-5Mins
922e81ab-75c1-44be-b2a7-0c650c5c9327-9,EDC_BS6_PERIODIC,2025-11-26 00:06:28,2025-11-26 00:07:27,18.5421632,73.9527168,61704.0,,FixOK,A,ObG5CU0302,G131b15423,"Unnamed Road, Maharashtra 411036, India",115003.25,0.0,IgnitionOn,1,561.619,55.97,10.0,-61.0,59.0,0-5Mins
922e81ab-75c1-44be-b2a7-0c650c5c9327-8,EDC_BS6_PERIODIC,2025-11-26 00:06:34,2025-11-26 00:07:27,18.542144,73.952672,61705.0,,FixOK,A,ObG5CU0302,G131b15423,"Unnamed Road, Maharashtra 411036, India",115003.25,0.0,IgnitionOn,1,561.693,55.97,6.0,-61.0,53.0,0-5Mins
922e81ab-75c1-44be-b2a7-0c650c5c9327-7,EDC_BS6_PERIODIC,2025-11-26 00:06:40,2025-11-26 00:07:27,18.542128,73.9526912,61706.0,,FixOK,A,ObG5CU0302,G131b15423,"Unnamed Road, Maharashtra 411036, India",115003.25,0.0,IgnitionOn,1,561.749,55.97,6.0,-61.0,47.0,0-5Mins
922e81ab-75c1-44be-b2a7-0c650c5c9327-6,EDC_BS6_PERIODIC,2025-11-26 00:06:46,2025-11-26 00:07:27,18.542096,73.9527296,61707.0,,FixOK,A,ObG5CU0302,G131b15423,"Unnamed Road, Maharashtra 411036, India",115003.25,0.0,IgnitionOn,1,561.781,55.97,6.0,-61.0,41.0,0-5Mins
922e81ab-75c1-44be-b2a7-0c650c5c9327-5,EDC_BS6_PERIODIC,2025-11-26 00:06:52,2025-11-26 00:07:27,18.542064,73.952768,61708.0,,FixOK,A,ObG5CU0302,G131b15423,"Unnamed Road, Maharashtra 411036, India",115003.25,0.0,IgnitionOn,1,561.762,55.97,7.0,-61.0,35.0,0-5Mins
922e81ab-75c1-44be-b2a7-0c650c5c9327-4,EDC_BS6_PERIODIC,2025-11-26 00:06:58,2025-11-26 00:07:27,18.542064,73.9527552,61709.0,,FixOK,A,ObG5CU0302,G131b15423,"Unnamed Road, Maharashtra 411036, India",115003.25,0.0,IgnitionOn,1,561.731,55.97,7.0,-61.0,29.0,0-5Mins
922e81ab-75c1-44be-b2a7-0c650c5c9327-3,EDC_BS6_PERIODIC,2025-11-26 00:07:04,2025-11-26 00:07:27,18.5420608,73.9527424,61710.0,,FixOK,A,ObG5CU0302,G131b15423,"Unnamed Road, Maharashtra 411036, India",115003.25,0.0,IgnitionOn,1,561.661,55.97,7.0,-61.0,23.0,0-5Mins
922e81ab-75c1-44be-b2a7-0c650c5c9327-2,EDC_BS6_PERIODIC,2025-11-26 00:07:10,2025-11-26 00:07:27,18.542064,73.9526912,61711.0,,FixOK,A,ObG5CU0302,G131b15423,"Unnamed Road, Maharashtra 411036, India",115003.25,0.0,IgnitionOn,1,561.645,55.97,7.0,-61.0,17.0,0-5Mins
922e81ab-75c1-44be-b2a7-0c650c5c9327-1,EDC_BS6_PERIODIC,2025-11-26 00:07:16,2025-11-26 00:07:27,18.542072,73.952704,61712.0,,FixOK,A,ObG5CU0302,G131b15423,"Unnamed Road, Maharashtra 411036, India",115003.25,0.0,IgnitionOn,1,561.672,55.97,8.0,-61.0,11.0,0-5Mins
bf56c930-b1c2-4505-ab58-1e0981c98a64-10,EDC_BS6_PERIODIC,2025-11-26 00:07:22,2025-11-26 00:08:28,18.542088,73.952704,61713.0,,FixOK,A,ObG5CU0302,G131b15423,"Unnamed Road, Maharashtra 411036, India",115003.25,0.0,IgnitionOn,1,561.658,55.97,8.0,-61.0,66.0,0-5Mins
bf56c930-b1c2-4505-ab58-1e0981c98a64-9,EDC_BS6_PERIODIC,2025-11-26 00:07:28,2025-11-26 00:08:28,18.54208,73.9527168,61714.0,,FixOK,A,ObG5CU0302,G131b15423,"Unnamed Road, Maharashtra 411036, India",115003.25,0.0,IgnitionOn,1,561.608,55.97,7.0,-61.0,60.0,0-5Mins
bf56c930-b1c2-4505-ab58-1e0981c98a64-8,EDC_BS6_PERIODIC,2025-11-26 00:07:34,2025-11-26 00:08:28,18.54208,73.9527168,61715.0,,FixOK,A,ObG5CU0302,G131b15423,"Unnamed Road, Maharashtra 411036, India",115003.25,0.0,IgnitionOn,1,561.549,55.97,5.0,-61.0,54.0,0-5Mins
bf56c930-b1c2-4505-ab58-1e0981c98a64-7,EDC_BS6_PERIODIC,2025-11-26 00:07:40,2025-11-26 00:08:28,18.5420928,73.9526784,61716.0,,FixOK,A,ObG5CU0302,G131b15423,"Unnamed Road, Maharashtra 411036, India",115003.25,0.0,IgnitionOn,1,561.512,55.97,6.0,-61.0,48.0,0-5Mins
bf56c930-b1c2-4505-ab58-1e0981c98a64-6,EDC_BS6_PERIODIC,2025-11-26 00:07:46,2025-11-26 00:08:28,18.5420928,73.952672,61717.0,,FixOK,A,ObG5CU0302,G131b15423,"Unnamed Road, Maharashtra 411036, India",115003.25,0.0,IgnitionOn,1,561.445,55.97,6.0,-61.0,42.0,0-5Mins
bf56c930-b1c2-4505-ab58-1e0981c98a64-5,EDC_BS6_PERIODIC,2025-11-26 00:07:52,2025-11-26 00:08:28,18.54216,73.952576,61718.0,,FixOK,A,ObG5CU0302,G131b15423,"Unnamed Road, Maharashtra 411036, India",115003.25,0.0,IgnitionOn,1,561.398,11.71,8.0,-61.0,36.0,0-5Mins
2cd0e3f6-55ba-4392-8dd0-b2ad9f21675e,HEARTBEAT_MESSAGE,2025-11-26 00:07:55,2025-11-26 00:07:55,0.0,0.0,,,,,ObG5CU0302,G131b15423,,,0.0,,1,,,,,0.0,0-5Mins
bf56c930-b1c2-4505-ab58-1e0981c98a64-4,EDC_BS6_PERIODIC,2025-11-26 00:07:58,2025-11-26 00:08:28,18.5421376,73.9525504,61719.0,,FixOK,A,ObG5CU0302,G131b15423,"Unnamed Road, Maharashtra 411036, India",115003.25,0.0,IgnitionOn,1,561.34,11.71,8.0,-61.0,30.0,0-5Mins
bf56c930-b1c2-4505-ab58-1e0981c98a64-3,EDC_BS6_PERIODIC,2025-11-26 00:08:04,2025-11-26 00:08:28,18.542152,73.9525248,61720.0,,FixOK,A,ObG5CU0302,G131b15423,"Unnamed Road, Maharashtra 411036, India",115003.25,0.0,IgnitionOn,1,561.306,11.71,7.0,-61.0,24.0,0-5Mins
bf56c930-b1c2-4505-ab58-1e0981c98a64-2,EDC_BS6_PERIODIC,2025-11-26 00:08:10,2025-11-26 00:08:28,18.5421312,73.9524864,61721.0,,FixOK,A,ObG5CU0302,G131b15423,"Unnamed Road, Maharashtra 411036, India",115003.25,0.0,IgnitionOn,1,561.244,11.71,6.0,-61.0,18.0,0-5Mins
bf56c930-b1c2-4505-ab58-1e0981c98a64-1,EDC_BS6_PERIODIC,2025-11-26 00:08:16,2025-11-26 00:08:28,18.5421184,73.9524736,61722.0,,FixOK,A,ObG5CU0302,G131b15423,"Unnamed Road, Maharashtra 411036, India",115003.25,0.0,IgnitionOn,1,561.192,11.71,5.0,-61.0,12.0,0-5Mins
d9ee75f1-3adb-420f-bd8f-877b4058b127-10,EDC_BS6_PERIODIC,2025-11-26 00:08:22,2025-11-26 00:09:29,18.5421216,73.9524864,61723.0,,FixOK,A,ObG5CU0302,G131b15423,"Unnamed Road, Maharashtra 411036, India",115003.25,0.0,IgnitionOn,1,561.104,11.71,6.0,-61.0,67.0,0-5Mins
d9ee75f1-3adb-420f-bd8f-877b4058b127-9,EDC_BS6_PERIODIC,2025-11-26 00:08:28,2025-11-26 00:09:29,18.5421248,73.9525248,61724.0,,FixOK,A,ObG5CU0302,G131b15423,"Unnamed Road, Maharashtra 411036, India",115003.25,0.0,IgnitionOn,1,560.984,11.71,6.0,-61.0,61.0,0-5Mins
d9ee75f1-3adb-420f-bd8f-877b4058b127-8,EDC_BS6_PERIODIC,2025-11-26 00:08:34,2025-11-26 00:09:29,18.5421344,73.952608,61725.0,,FixOK,A,ObG5CU0302,G131b15423,"Unnamed Road, Maharashtra 411036, India",115003.25,0.0,IgnitionOn,1,560.853,11.71,5.0,-61.0,55.0,0-5Mins
d9ee75f1-3adb-420f-bd8f-877b4058b127-7,EDC_BS6_PERIODIC,2025-11-26 00:08:40,2025-11-26 00:09:29,18.542128,73.9526784,61726.0,,FixOK,A,ObG5CU0302,G131b15423,"Unnamed Road, Maharashtra 411036, India",115003.25,0.0,IgnitionOn,1,560.792,92.93,5.0,-61.0,49.0,0-5Mins
d9ee75f1-3adb-420f-bd8f-877b4058b127-6,EDC_BS6_PERIODIC,2025-11-26 00:08:46,2025-11-26 00:09:29,18.54212,73.9526656,61727.0,,FixOK,A,ObG5CU0302,G131b15423,"Unnamed Road, Maharashtra 411036, India",115003.25,0.0,IgnitionOn,1,560.581,92.93,4.0,-61.0,43.0,0-5Mins
d9ee75f1-3adb-420f-bd8f-877b4058b127-5,EDC_BS6_PERIODIC,2025-11-26 00:08:52,2025-11-26 00:09:29,18.5421408,73.9526784,61728.0,,FixOK,A,ObG5CU0302,G131b15423,"Unnamed Road, Maharashtra 411036, India",115003.25,0.0,IgnitionOn,1,560.484,92.93,5.0,-61.0,37.0,0-5Mins
d9ee75f1-3adb-420f-bd8f-877b4058b127-4,EDC_BS6_PERIODIC,2025-11-26 00:08:58,2025-11-26 00:09:29,18.5421568,73.9527296,61729.0,,FixOK,A,ObG5CU0302,G131b15423,"Unnamed Road, Maharashtra 411036, India",115003.25,0.0,IgnitionOn,1,560.4,92.93,5.0,-61.0,31.0,0-5Mins
d9ee75f1-3adb-420f-bd8f-877b4058b127-3,EDC_BS6_PERIODIC,2025-11-26 00:09:04,2025-11-26 00:09:29,18.5420992,73.9527296,61730.0,,FixOK,A,ObG5CU0302,G131b15423,"Unnamed Road, Maharashtra 411036, India",115003.25,0.0,IgnitionOn,1,560.362,92.93,6.0,-61.0,25.0,0-5Mins
d9ee75f1-3adb-420f-bd8f-877b4058b127-2,EDC_BS6_PERIODIC,2025-11-26 00:09:10,2025-11-26 00:09:29,18.5421104,73.9527104,61731.0,,FixOK,A,ObG5CU0302,G131b15423,"Unnamed Road, Maharashtra 411036, India",115003.25,0.0,IgnitionOn,1,560.138,92.93,5.0,-61.0,19.0,0-5Mins
d9ee75f1-3adb-420f-bd8f-877b4058b127-1,EDC_BS6_PERIODIC,2025-11-26 00:09:16,2025-11-26 00:09:29,18.5421024,73.9526976,61732.0,,FixOK,A,ObG5CU0302,G131b15423,"Unnamed Road, Maharashtra 411036, India",115003.25,0.0,IgnitionOn,1,560.049,92.93,5.0,-61.0,13.0,0-5Mins
a6ef94b4-e467-4fa3-a7ca-8b793ba2e0d1-10,EDC_BS6_PERIODIC,2025-11-26 00:09:22,2025-11-26 00:10:30,18.5421136,73.9527296,61733.0,,FixOK,A,ObG5CU0302,G131b15423,"GXR2+VV4, Pune, Maharashtra 411036, India",115003.25,0.0,IgnitionOn,1,560.015,92.93,6.0,-61.0,68.0,0-5Mins
a6ef94b4-e467-4fa3-a7ca-8b793ba2e0d1-9,EDC_BS6_PERIODIC,2025-11-26 00:09:28,2025-11-26 00:10:30,18.5421312,73.9527296,61734.0,,FixOK,A,ObG5CU0302,G131b15423,"GXR2+VV4, Pune, Maharashtra 411036, India",115003.25,0.0,IgnitionOn,1,560.026,92.93,6.0,-61.0,62.0,0-5Mins
a6ef94b4-e467-4fa3-a7ca-8b793ba2e0d1-8,EDC_BS6_PERIODIC,2025-11-26 00:09:34,2025-11-26 00:10:30,18.5421456,73.952736,61735.0,,FixOK,A,ObG5CU0302,G131b15423,"GXR2+VV4, Pune, Maharashtra 411036, India",115003.25,0.0,IgnitionOn,1,559.976,92.93,7.0,-61.0,56.0,0-5Mins
a6ef94b4-e467-4fa3-a7ca-8b793ba2e0d1-7,EDC_BS6_PERIODIC,2025-11-26 00:09:40,2025-11-26 00:10:30,18.5421104,73.9527616,61736.0,,FixOK,A,ObG5CU0302,G131b15423,"GXR2+VV4, Pune, Maharashtra 411036, India",115003.25,0.0,IgnitionOn,1,559.913,92.93,7.0,-61.0,50.0,0-5Mins
a6ef94b4-e467-4fa3-a7ca-8b793ba2e0d1-6,EDC_BS6_PERIODIC,2025-11-26 00:09:46,2025-11-26 00:10:30,18.542056,73.9528064,61737.0,,FixOK,A,ObG5CU0302,G131b15423,"GXR2+VV4, Pune, Maharashtra 411036, India",115003.25,0.0,IgnitionOn,1,559.804,92.93,7.0,-61.0,44.0,0-5Mins
a6ef94b4-e467-4fa3-a7ca-8b793ba2e0d1-5,EDC_BS6_PERIODIC,2025-11-26 00:09:52,2025-11-26 00:10:30,18.5420608,73.9528,61738.0,,FixOK,A,ObG5CU0302,G131b15423,"GXR2+VV4, Pune, Maharashtra 411036, India",115003.25,0.0,IgnitionOn,1,559.791,92.93,10.0,-61.0,38.0,0-5Mins
a6ef94b4-e467-4fa3-a7ca-8b793ba2e0d1-4,EDC_BS6_PERIODIC,2025-11-26 00:09:58,2025-11-26 00:10:30,18.542072,73.9528,61739.0,,FixOK,A,ObG5CU0302,G131b15423,"GXR2+VV4, Pune, Maharashtra 411036, India",115003.25,0.0,IgnitionOn,1,559.838,92.93,10.0,-61.0,32.0,0-5Mins
a6ef94b4-e467-4fa3-a7ca-8b793ba2e0d1-3,EDC_BS6_PERIODIC,2025-11-26 00:10:04,2025-11-26 00:10:30,18.542072,73.9528192,61740.0,,FixOK,A,ObG5CU0302,G131b15423,"GXR2+VV4, Pune, Maharashtra 411036, India",115003.25,0.0,IgnitionOn,1,559.916,92.93,11.0,-61.0,26.0,0-5Mins
a6ef94b4-e467-4fa3-a7ca-8b793ba2e0d1-2,EDC_BS6_PERIODIC,2025-11-26 00:10:10,2025-11-26 00:10:30,18.542072,73.9528192,61741.0,,FixOK,A,ObG5CU0302,G131b15423,"GXR2+VV4, Pune, Maharashtra 411036, India",115003.25,0.0,IgnitionOn,1,559.888,92.93,11.0,-61.0,20.0,0-5Mins
a6ef94b4-e467-4fa3-a7ca-8b793ba2e0d1-1,EDC_BS6_PERIODIC,2025-11-26 00:10:16,2025-11-26 00:10:30,18.54208,73.9528192,61742.0,,FixOK,A,ObG5CU0302,G131b15423,"GXR2+VV4, Pune, Maharashtra 411036, India",115003.25,0.0,IgnitionOn,1,559.915,92.93,11.0,-55.0,14.0,0-5Mins
6f1b2800-9028-463f-a1b2-5082d36e5837-10,EDC_BS6_PERIODIC,2025-11-26 00:10:22,2025-11-26 00:11:31,18.54208,73.9528192,61743.0,,FixOK,A,ObG5CU0302,G131b15423,"Unnamed Road, Maharashtra 411036, India",115003.25,0.0,IgnitionOn,1,559.914,92.93,10.0,-55.0,69.0,0-5Mins
6f1b2800-9028-463f-a1b2-5082d36e5837-9,EDC_BS6_PERIODIC,2025-11-26 00:10:28,2025-11-26 00:11:31,18.542096,73.952768,61744.0,,FixOK,A,ObG5CU0302,G131b15423,"Unnamed Road, Maharashtra 411036, India",115003.25,0.0,IgnitionOn,1,559.87,92.93,9.0,-55.0,63.0,0-5Mins
6f1b2800-9028-463f-a1b2-5082d36e5837-8,EDC_BS6_PERIODIC,2025-11-26 00:10:34,2025-11-26 00:11:31,18.5421024,73.9527552,61745.0,,FixOK,A,ObG5CU0302,G131b15423,"Unnamed Road, Maharashtra 411036, India",115003.25,0.0,IgnitionOn,1,559.806,92.93,7.0,-55.0,57.0,0-5Mins
6f1b2800-9028-463f-a1b2-5082d36e5837-7,EDC_BS6_PERIODIC,2025-11-26 00:10:40,2025-11-26 00:11:31,18.5421376,73.9527168,61746.0,,FixOK,A,ObG5CU0302,G131b15423,"Unnamed Road, Maharashtra 411036, India",115003.25,0.0,IgnitionOn,1,559.754,92.93,8.0,-55.0,51.0,0-5Mins
6f1b2800-9028-463f-a1b2-5082d36e5837-6,EDC_BS6_PERIODIC,2025-11-26 00:10:46,2025-11-26 00:11:31,18.542168,73.952704,61747.0,,FixOK,A,ObG5CU0302,G131b15423,"Unnamed Road, Maharashtra 411036, India",115003.25,0.0,IgnitionOn,1,559.731,92.93,8.0,-55.0,45.0,0-5Mins
6f1b2800-9028-463f-a1b2-5082d36e5837-5,EDC_BS6_PERIODIC,2025-11-26 00:10:52,2025-11-26 00:11:31,18.542168,73.952704,61748.0,,FixOK,A,ObG5CU0302,G131b15423,"Unnamed Road, Maharashtra 411036, India",115003.25,0.0,IgnitionOn,1,559.731,92.93,8.0,-55.0,39.0,0-5Mins
6f1b2800-9028-463f-a1b2-5082d36e5837-4,EDC_BS6_PERIODIC,2025-11-26 00:10:58,2025-11-26 00:11:31,18.5421632,73.9527552,61749.0,,FixOK,A,ObG5CU0302,G131b15423,"GXR2+VV4, Pune, Maharashtra 411036, India",115003.25,0.0,IgnitionOn,1,559.778,92.93,9.0,-55.0,33.0,0-5Mins
6f1b2800-9028-463f-a1b2-5082d36e5837-3,EDC_BS6_PERIODIC,2025-11-26 00:11:04,2025-11-26 00:11:31,18.542152,73.952736,61750.0,,FixOK,A,ObG5CU0302,G131b15423,"GXR2+VV4, Pune, Maharashtra 411036, India",115003.25,0.0,IgnitionOn,1,559.783,92.93,9.0,-55.0,27.0,0-5Mins
6f1b2800-9028-463f-a1b2-5082d36e5837-2,EDC_BS6_PERIODIC,2025-11-26 00:11:10,2025-11-26 00:11:31,18.5421536,73.9527168,61751.0,,FixOK,A,ObG5CU0302,G131b15423,"GXR2+VV4, Pune, Maharashtra 411036, India",115003.25,0.0,IgnitionOn,1,559.784,92.93,9.0,-55.0,21.0,0-5Mins
6f1b2800-9028-463f-a1b2-5082d36e5837-1,EDC_BS6_PERIODIC,2025-11-26 00:11:16,2025-11-26 00:11:31,18.542176,73.9527104,61752.0,,FixOK,A,ObG5CU0302,G131b15423,"GXR2+VV4, Pune, Maharashtra 411036, India",115003.25,0.0,IgnitionOn,1,559.833,92.93,9.0,-55.0,15.0,0-5Mins
3bd9f4ee-e530-413d-9b72-1242cc9a8ce5-10,EDC_BS6_PERIODIC,2025-11-26 00:11:22,2025-11-26 00:12:32,18.542184,73.9526784,61753.0,,FixOK,A,ObG5CU0302,G131b15423,"Unnamed Road, Maharashtra 411036, India",115003.25,0.0,IgnitionOn,1,559.856,92.93,7.0,-55.0,70.0,0-5Mins
3bd9f4ee-e530-413d-9b72-1242cc9a8ce5-9,EDC_BS6_PERIODIC,2025-11-26 00:11:28,2025-11-26 00:12:32,18.5422048,73.9526912,61754.0,,FixOK,A,ObG5CU0302,G131b15423,"Unnamed Road, Maharashtra 411036, India",115003.25,0.0,IgnitionOn,1,559.881,92.93,6.0,-55.0,64.0,0-5Mins
3bd9f4ee-e530-413d-9b72-1242cc9a8ce5-8,EDC_BS6_PERIODIC,2025-11-26 00:11:34,2025-11-26 00:12:32,18.542248,73.95264,61755.0,,FixOK,A,ObG5CU0302,G131b15423,"Unnamed Road, Maharashtra 411036, India",115003.25,0.0,IgnitionOn,1,559.963,92.93,7.0,-55.0,58.0,0-5Mins
3bd9f4ee-e530-413d-9b72-1242cc9a8ce5-7,EDC_BS6_PERIODIC,2025-11-26 00:11:40,2025-11-26 00:12:32,18.54228,73.9526272,61756.0,,FixOK,A,ObG5CU0302,G131b15423,"Unnamed Road, Maharashtra 411036, India",115003.25,0.0,IgnitionOn,1,559.981,92.93,6.0,-55.0,52.0,0-5Mins
3bd9f4ee-e530-413d-9b72-1242cc9a8ce5-6,EDC_BS6_PERIODIC,2025-11-26 00:11:46,2025-11-26 00:12:32,18.5423456,73.9525888,61757.0,,FixOK,A,ObG5CU0302,G131b15423,"Unnamed Road, Maharashtra 411036, India",115003.25,0.0,IgnitionOn,1,560.0,92.93,7.0,-55.0,46.0,0-5Mins
3bd9f4ee-e530-413d-9b72-1242cc9a8ce5-5,EDC_BS6_PERIODIC,2025-11-26 00:11:52,2025-11-26 00:12:32,18.5424288,73.9525184,61758.0,,FixOK,A,ObG5CU0302,G131b15423,"Unnamed Road, Maharashtra 411036, India",115003.25,0.0,IgnitionOn,1,560.056,92.93,6.0,-55.0,40.0,0-5Mins
3bd9f4ee-e530-413d-9b72-1242cc9a8ce5-4,EDC_BS6_PERIODIC,2025-11-26 00:11:58,2025-11-26 00:12:32,18.542312,73.9524544,61759.0,,FixOK,A,ObG5CU0302,G131b15423,"Unnamed Road, Maharashtra 411036, India",115003.25,0.0,IgnitionOn,1,560.018,92.93,5.0,-55.0,34.0,0-5Mins
3bd9f4ee-e530-413d-9b72-1242cc9a8ce5-3,EDC_BS6_PERIODIC,2025-11-26 00:12:04,2025-11-26 00:12:32,18.5422112,73.9524096,61760.0,,FixOK,A,ObG5CU0302,G131b15423,"Unnamed Road, Maharashtra 411036, India",115003.25,0.0,IgnitionOn,1,559.998,92.93,4.0,-55.0,28.0,0-5Mins
3bd9f4ee-e530-413d-9b72-1242cc9a8ce5-2,EDC_BS6_PERIODIC,2025-11-26 00:12:10,2025-11-26 00:12:32,18.5422208,73.9524096,61761.0,,FixOK,A,ObG5CU0302,G131b15423,"Unnamed Road, Maharashtra 411036, India",115003.25,0.0,IgnitionOn,1,559.937,92.93,5.0,-55.0,22.0,0-5Mins
3bd9f4ee-e530-413d-9b72-1242cc9a8ce5-1,EDC_BS6_PERIODIC,2025-11-26 00:12:16,2025-11-26 00:12:32,18.5421952,73.95248,61762.0,,FixOK,A,ObG5CU0302,G131b15423,"Unnamed Road, Maharashtra 411036, India",115003.25,0.0,IgnitionOn,1,559.905,92.93,6.0,-55.0,16.0,0-5Mins
60f25b67-b860-45b6-83df-d586ce2fffc5-11,EDC_BS6_PERIODIC,2025-11-26 00:12:22,2025-11-26 00:50:03,18.542176,73.9525248,61763.0,,FixOK,A,ObG5CU0302,G131b15423,"Unnamed Road, Maharashtra 411036, India",115003.25,0.0,IgnitionOn,1,559.929,92.93,6.0,-55.0,2261.0,30-1Hr
5efc1fba-0527-4386-b434-f53cfcf0a3f4-10,EDC_BS6_PERIODIC,2025-11-26 00:12:28,2025-11-26 00:13:33,18.542192,73.9525696,61764.0,,FixOK,A,ObG5CU0302,G131b15423,"Unnamed Road, Maharashtra 411036, India",115003.25,0.0,IgnitionOn,1,559.986,92.93,5.0,-55.0,65.0,0-5Mins
5efc1fba-0527-4386-b434-f53cfcf0a3f4-9,EDC_BS6_PERIODIC,2025-11-26 00:12:34,2025-11-26 00:13:33,18.5422576,73.9525696,61765.0,,FixOK,A,ObG5CU0302,G131b15423,"Unnamed Road, Maharashtra 411036, India",115003.25,0.0,IgnitionOn,1,560.068,92.93,5.0,-55.0,59.0,0-5Mins
5efc1fba-0527-4386-b434-f53cfcf0a3f4-8,EDC_BS6_PERIODIC,2025-11-26 00:12:40,2025-11-26 00:13:33,18.542216,73.9525376,61766.0,,FixOK,A,ObG5CU0302,G131b15423,"Unnamed Road, Maharashtra 411036, India",115003.25,0.0,IgnitionOn,1,560.114,92.93,4.0,-55.0,53.0,0-5Mins
5efc1fba-0527-4386-b434-f53cfcf0a3f4-7,EDC_BS6_PERIODIC,2025-11-26 00:12:46,2025-11-26 00:13:33,18.542192,73.9525248,61767.0,,FixOK,A,ObG5CU0302,G131b15423,"Unnamed Road, Maharashtra 411036, India",115003.25,0.0,IgnitionOn,1,560.163,92.93,4.0,-55.0,47.0,0-5Mins
5efc1fba-0527-4386-b434-f53cfcf0a3f4-6,EDC_BS6_PERIODIC,2025-11-26 00:12:52,2025-11-26 00:13:33,18.542192,73.9525248,61768.0,,FixOK,A,ObG5CU0302,G131b15423,"Unnamed Road, Maharashtra 411036, India",115003.25,0.0,IgnitionOn,1,560.163,92.93,4.0,-55.0,41.0,0-5Mins
5efc1fba-0527-4386-b434-f53cfcf0a3f4-5,EDC_BS6_PERIODIC,2025-11-26 00:12:58,2025-11-26 00:13:33,18.542192,73.9525248,61769.0,,FixOK,A,ObG5CU0302,G131b15423,"Unnamed Road, Maharashtra 411036, India",115003.25,0.0,IgnitionOn,1,560.163,92.93,4.0,-55.0,35.0,0-5Mins
5efc1fba-0527-4386-b434-f53cfcf0a3f4-4,EDC_BS6_PERIODIC,2025-11-26 00:13:04,2025-11-26 00:13:33,18.542192,73.9525248,61770.0,,FixOK,A,ObG5CU0302,G131b15423,"Unnamed Road, Maharashtra 411036, India",115003.25,0.0,IgnitionOn,1,560.163,92.93,4.0,-55.0,29.0,0-5Mins
5efc1fba-0527-4386-b434-f53cfcf0a3f4-3,EDC_BS6_PERIODIC,2025-11-26 00:13:10,2025-11-26 00:13:33,18.542192,73.9525248,61771.0,,FixOK,A,ObG5CU0302,G131b15423,"Unnamed Road, Maharashtra 411036, India",115003.25,0.0,IgnitionOn,1,560.163,92.93,4.0,-55.0,23.0,0-5Mins
5efc1fba-0527-4386-b434-f53cfcf0a3f4-2,EDC_BS6_PERIODIC,2025-11-26 00:13:16,2025-11-26 00:13:33,18.542192,73.9525248,61772.0,,FixOK,A,ObG5CU0302,G131b15423,"Unnamed Road, Maharashtra 411036, India",115003.25,0.0,IgnitionOn,1,560.163,92.93,4.0,-55.0,17.0,0-5Mins
5efc1fba-0527-4386-b434-f53cfcf0a3f4-1,EDC_BS6_PERIODIC,2025-11-26 00:13:22,2025-11-26 00:13:33,18.542192,73.9525248,61773.0,,FixOK,A,ObG5CU0302,G131b15423,"Unnamed Road, Maharashtra 411036, India",115003.25,0.0,IgnitionOn,1,560.163,92.93,4.0,-55.0,11.0,0-5Mins
5750edf2-5488-4f0f-944f-a5dc43f037c4-10,EDC_BS6_PERIODIC,2025-11-26 00:13:28,2025-11-26 00:14:34,18.542192,73.9525248,61774.0,,FixOK,A,ObG5CU0302,G131b15423,"GXR2+VV4, Pune, Maharashtra 411036, India",115003.25,0.0,IgnitionOn,1,560.163,92.93,4.0,-55.0,66.0,0-5Mins
5750edf2-5488-4f0f-944f-a5dc43f037c4-9,EDC_BS6_PERIODIC,2025-11-26 00:13:34,2025-11-26 00:14:34,18.542192,73.9525248,61775.0,,FixOK,A,ObG5CU0302,G131b15423,"GXR2+VV4, Pune, Maharashtra 411036, India",115003.25,0.0,IgnitionOn,1,560.163,92.93,4.0,-55.0,60.0,0-5Mins
5750edf2-5488-4f0f-944f-a5dc43f037c4-8,EDC_BS6_PERIODIC,2025-11-26 00:13:40,2025-11-26 00:14:34,18.542192,73.9525248,61776.0,,FixOK,A,ObG5CU0302,G131b15423,"GXR2+VV4, Pune, Maharashtra 411036, India",115003.25,0.0,IgnitionOn,1,560.163,92.93,4.0,-55.0,54.0,0-5Mins
5750edf2-5488-4f0f-944f-a5dc43f037c4-7,EDC_BS6_PERIODIC,2025-11-26 00:13:46,2025-11-26 00:14:34,18.542192,73.9525248,61777.0,,FixOK,A,ObG5CU0302,G131b15423,"GXR2+VV4, Pune, Maharashtra 411036, India",115003.25,0.0,IgnitionOn,1,560.163,92.93,4.0,-55.0,48.0,0-5Mins
5750edf2-5488-4f0f-944f-a5dc43f037c4-6,EDC_BS6_PERIODIC,2025-11-26 00:13:52,2025-11-26 00:14:34,18.542192,73.9525248,61778.0,,FixOK,A,ObG5CU0302,G131b15423,"GXR2+VV4, Pune, Maharashtra 411036, India",115003.25,0.0,IgnitionOn,1,560.163,92.93,4.0,-55.0,42.0,0-5Mins
5750edf2-5488-4f0f-944f-a5dc43f037c4-5,EDC_BS6_PERIODIC,2025-11-26 00:13:58,2025-11-26 00:14:34,18.542192,73.9525248,61779.0,,FixOK,A,ObG5CU0302,G131b15423,"GXR2+VV4, Pune, Maharashtra 411036, India",115003.25,0.0,IgnitionOn,1,560.163,92.93,4.0,-55.0,36.0,0-5Mins
5750edf2-5488-4f0f-944f-a5dc43f037c4-4,EDC_BS6_PERIODIC,2025-11-26 00:14:04,2025-11-26 00:14:34,18.542192,73.9525248,61780.0,,FixOK,A,ObG5CU0302,G131b15423,"GXR2+VV4, Pune, Maharashtra 411036, India",115003.25,0.0,IgnitionOn,1,560.163,92.93,4.0,-55.0,30.0,0-5Mins
5750edf2-5488-4f0f-944f-a5dc43f037c4-3,EDC_BS6_PERIODIC,2025-11-26 00:14:10,2025-11-26 00:14:34,18.542192,73.9525248,61781.0,,FixOK,A,ObG5CU0302,G131b15423,"GXR2+VV4, Pune, Maharashtra 411036, India",115003.25,0.0,IgnitionOn,1,560.163,92.93,4.0,-55.0,24.0,0-5Mins
5750edf2-5488-4f0f-944f-a5dc43f037c4-2,EDC_BS6_PERIODIC,2025-11-26 00:14:16,2025-11-26 00:14:34,18.542192,73.9525248,61782.0,,FixOK,A,ObG5CU0302,G131b15423,"GXR2+VV4, Pune, Maharashtra 411036, India",115003.25,0.0,IgnitionOn,1,560.163,92.93,4.0,-55.0,18.0,0-5Mins
5750edf2-5488-4f0f-944f-a5dc43f037c4-1,EDC_BS6_PERIODIC,2025-11-26 00:14:22,2025-11-26 00:14:34,18.542192,73.9525248,61783.0,,FixOK,A,ObG5CU0302,G131b15423,"GXR2+VV4, Pune, Maharashtra 411036, India",115003.25,0.0,IgnitionOn,1,560.163,92.93,4.0,-55.0,12.0,0-5Mins
8acba10f-9fff-486a-907a-ec14713e1e2b-10,EDC_BS6_PERIODIC,2025-11-26 00:14:28,2025-11-26 00:15:35,18.542192,73.9525248,61784.0,,FixOK,A,ObG5CU0302,G131b15423,"Unnamed Road, Maharashtra 411036, India",115003.25,0.0,IgnitionOn,1,560.163,92.93,4.0,-55.0,67.0,0-5Mins
8acba10f-9fff-486a-907a-ec14713e1e2b-9,EDC_BS6_PERIODIC,2025-11-26 00:14:34,2025-11-26 00:15:35,18.542192,73.9525248,61785.0,,FixOK,A,ObG5CU0302,G131b15423,"Unnamed Road, Maharashtra 411036, India",115003.25,0.0,IgnitionOn,1,560.163,92.93,4.0,-55.0,61.0,0-5Mins
8acba10f-9fff-486a-907a-ec14713e1e2b-8,EDC_BS6_PERIODIC,2025-11-26 00:14:40,2025-11-26 00:15:35,18.542192,73.9525248,61786.0,,FixOK,A,ObG5CU0302,G131b15423,"Unnamed Road, Maharashtra 411036, India",115003.25,0.0,IgnitionOn,1,560.163,92.93,4.0,-55.0,55.0,0-5Mins
8acba10f-9fff-486a-907a-ec14713e1e2b-7,EDC_BS6_PERIODIC,2025-11-26 00:14:46,2025-11-26 00:15:35,18.542192,73.9525248,61787.0,,FixOK,A,ObG5CU0302,G131b15423,"Unnamed Road, Maharashtra 411036, India",115003.25,0.0,IgnitionOn,1,560.163,92.93,4.0,-55.0,49.0,0-5Mins
8acba10f-9fff-486a-907a-ec14713e1e2b-6,EDC_BS6_PERIODIC,2025-11-26 00:14:52,2025-11-26 00:15:35,18.542192,73.9525248,61788.0,,StoredFix,V,ObG5CU0302,G131b15423,"Unnamed Road, Maharashtra 411036, India",115003.25,0.0,IgnitionOn,1,560.163,92.93,4.0,-55.0,43.0,0-5Mins
8acba10f-9fff-486a-907a-ec14713e1e2b-5,EDC_BS6_PERIODIC,2025-11-26 00:14:58,2025-11-26 00:15:35,18.542192,73.9525248,61789.0,,StoredFix,V,ObG5CU0302,G131b15423,"Unnamed Road, Maharashtra 411036, India",115003.25,0.0,IgnitionOn,1,560.163,92.93,4.0,-55.0,37.0,0-5Mins
8acba10f-9fff-486a-907a-ec14713e1e2b-4,EDC_BS6_PERIODIC,2025-11-26 00:15:04,2025-11-26 00:15:35,18.542192,73.9525248,61790.0,,StoredFix,V,ObG5CU0302,G131b15423,"Unnamed Road, Maharashtra 411036, India",115003.25,0.0,IgnitionOn,1,560.163,92.93,4.0,-55.0,31.0,0-5Mins
8acba10f-9fff-486a-907a-ec14713e1e2b-3,EDC_BS6_PERIODIC,2025-11-26 00:15:10,2025-11-26 00:15:35,18.542192,73.9525248,61791.0,,StoredFix,V,ObG5CU0302,G131b15423,"Unnamed Road, Maharashtra 411036, India",115003.25,0.0,IgnitionOn,1,560.163,92.93,4.0,-55.0,25.0,0-5Mins
8acba10f-9fff-486a-907a-ec14713e1e2b-2,EDC_BS6_PERIODIC,2025-11-26 00:15:16,2025-11-26 00:15:35,18.542192,73.9525248,61792.0,,StoredFix,V,ObG5CU0302,G131b15423,"Unnamed Road, Maharashtra 411036, India",115003.25,0.0,IgnitionOn,1,560.163,92.93,4.0,-55.0,19.0,0-5Mins
8acba10f-9fff-486a-907a-ec14713e1e2b-1,EDC_BS6_PERIODIC,2025-11-26 00:15:22,2025-11-26 00:15:35,18.542192,73.9525248,61793.0,,StoredFix,V,ObG5CU0302,G131b15423,"Unnamed Road, Maharashtra 411036, India",115003.25,0.0,IgnitionOn,1,560.163,92.93,4.0,-55.0,13.0,0-5Mins
60f25b67-b860-45b6-83df-d586ce2fffc5-10,EDC_BS6_PERIODIC,2025-11-26 00:15:28,2025-11-26 00:50:03,18.542192,73.9525248,61794.0,,StoredFix,V,ObG5CU0302,G131b15423,"Unnamed Road, Maharashtra 411036, India",115003.25,0.0,IgnitionOn,1,560.163,92.93,4.0,-55.0,2075.0,30-1Hr
7e90fc60-7f12-4e89-8d82-f2acf39a3b34-10,GPS_MESSAGE,2025-11-26 00:15:29,2025-11-26 00:16:36,18.542192,73.9525248,,,3DFix,,ObG5CU0302,G131b15423,"Unnamed Road, Maharashtra 411036, India",0.0,0.0,IgnitionOn,1,560.0,19.0,4.0,,67.0,0-5Mins
7e90fc60-7f12-4e89-8d82-f2acf39a3b34-9,EDC_BS6_PERIODIC,2025-11-26 00:15:34,2025-11-26 00:16:36,18.542192,73.9525248,61795.0,,StoredFix,V,ObG5CU0302,G131b15423,"Unnamed Road, Maharashtra 411036, India",115003.25,0.0,IgnitionOn,1,560.163,92.93,4.0,-55.0,62.0,0-5Mins
7e90fc60-7f12-4e89-8d82-f2acf39a3b34-8,EDC_BS6_PERIODIC,2025-11-26 00:15:40,2025-11-26 00:16:36,18.542192,73.9525248,61796.0,,StoredFix,V,ObG5CU0302,G131b15423,"Unnamed Road, Maharashtra 411036, India",115003.25,0.0,IgnitionOn,1,560.163,92.93,4.0,-55.0,56.0,0-5Mins
7e90fc60-7f12-4e89-8d82-f2acf39a3b34-7,EDC_BS6_PERIODIC,2025-11-26 00:15:46,2025-11-26 00:16:36,18.542192,73.9525248,61797.0,,StoredFix,V,ObG5CU0302,G131b15423,"Unnamed Road, Maharashtra 411036, India",115003.25,0.0,IgnitionOn,1,560.163,92.93,4.0,-55.0,50.0,0-5Mins
7e90fc60-7f12-4e89-8d82-f2acf39a3b34-6,EDC_BS6_PERIODIC,2025-11-26 00:15:52,2025-11-26 00:16:36,18.542192,73.9525248,61798.0,,StoredFix,V,ObG5CU0302,G131b15423,"Unnamed Road, Maharashtra 411036, India",115003.25,0.0,IgnitionOn,1,560.163,92.93,4.0,-55.0,44.0,0-5Mins
7e90fc60-7f12-4e89-8d82-f2acf39a3b34-5,EDC_BS6_PERIODIC,2025-11-26 00:15:58,2025-11-26 00:16:36,18.542192,73.9525248,61799.0,,StoredFix,V,ObG5CU0302,G131b15423,"Unnamed Road, Maharashtra 411036, India",115003.25,0.0,IgnitionOn,1,560.163,92.93,4.0,-55.0,38.0,0-5Mins
7e90fc60-7f12-4e89-8d82-f2acf39a3b34-4,EDC_BS6_PERIODIC,2025-11-26 00:16:05,2025-11-26 00:16:36,18.542192,73.9525248,61800.0,,StoredFix,V,ObG5CU0302,G131b15423,"Unnamed Road, Maharashtra 411036, India",115003.25,0.0,IgnitionOn,1,560.163,92.93,4.0,-55.0,31.0,0-5Mins
7e90fc60-7f12-4e89-8d82-f2acf39a3b34-3,EDC_BS6_PERIODIC,2025-11-26 00:16:10,2025-11-26 00:16:36,18.542192,73.9525248,61801.0,,StoredFix,V,ObG5CU0302,G131b15423,"Unnamed Road, Maharashtra 411036, India",115003.25,0.0,IgnitionOn,1,560.163,92.93,4.0,-55.0,26.0,0-5Mins
7e90fc60-7f12-4e89-8d82-f2acf39a3b34-2,EDC_BS6_PERIODIC,2025-11-26 00:16:16,2025-11-26 00:16:36,18.542192,73.9525248,61802.0,,StoredFix,V,ObG5CU0302,G131b15423,"Unnamed Road, Maharashtra 411036, India",115003.25,0.0,IgnitionOn,1,560.163,92.93,4.0,-61.0,20.0,0-5Mins
7e90fc60-7f12-4e89-8d82-f2acf39a3b34-1,EDC_BS6_PERIODIC,2025-11-26 00:16:22,2025-11-26 00:16:36,18.542128,73.9521792,61803.0,,FixOK,A,ObG5CU0302,G131b15423,"Unnamed Road, Maharashtra 411036, India",115003.25,0.0,IgnitionOn,1,579.202,92.93,8.0,-61.0,14.0,0-5Mins
9bbdfc95-94c7-4fac-be7c-41d38c91d5ca-10,EDC_BS6_PERIODIC,2025-11-26 00:16:28,2025-11-26 00:17:37,18.542128,73.9521792,61804.0,,FixOK,A,ObG5CU0302,G131b15423,"Unnamed Road, Maharashtra 411036, India",115003.25,0.0,IgnitionOn,1,579.202,92.93,8.0,-61.0,69.0,0-5Mins
9bbdfc95-94c7-4fac-be7c-41d38c91d5ca-9,EDC_BS6_PERIODIC,2025-11-26 00:16:34,2025-11-26 00:17:37,18.542096,73.952192,61805.0,,FixOK,A,ObG5CU0302,G131b15423,"Unnamed Road, Maharashtra 411036, India",115003.25,0.0,IgnitionOn,1,580.697,92.93,6.0,-61.0,63.0,0-5Mins
9bbdfc95-94c7-4fac-be7c-41d38c91d5ca-8,EDC_BS6_PERIODIC,2025-11-26 00:16:40,2025-11-26 00:17:37,18.5420448,73.9522944,61806.0,,FixOK,A,ObG5CU0302,G131b15423,"Unnamed Road, Maharashtra 411036, India",115003.25,0.0,IgnitionOn,1,581.357,147.02,5.0,-61.0,57.0,0-5Mins
9bbdfc95-94c7-4fac-be7c-41d38c91d5ca-7,EDC_BS6_PERIODIC,2025-11-26 00:16:46,2025-11-26 00:17:37,18.5420448,73.9523776,61807.0,,FixOK,A,ObG5CU0302,G131b15423,"Unnamed Road, Maharashtra 411036, India",115003.25,0.0,IgnitionOn,1,581.797,104.94,6.0,-61.0,51.0,0-5Mins
9bbdfc95-94c7-4fac-be7c-41d38c91d5ca-6,EDC_BS6_PERIODIC,2025-11-26 00:16:52,2025-11-26 00:17:37,18.5420672,73.9524416,61808.0,,FixOK,A,ObG5CU0302,G131b15423,"Unnamed Road, Maharashtra 411036, India",115003.25,0.0,IgnitionOn,1,582.999,75.52,6.0,-61.0,45.0,0-5Mins
9bbdfc95-94c7-4fac-be7c-41d38c91d5ca-5,EDC_BS6_PERIODIC,2025-11-26 00:16:58,2025-11-26 00:17:37,18.5421136,73.9524864,61809.0,,FixOK,A,ObG5CU0302,G131b15423,"Unnamed Road, Maharashtra 411036, India",115003.25,0.0,IgnitionOn,1,583.817,75.52,6.0,-61.0,39.0,0-5Mins
9bbdfc95-94c7-4fac-be7c-41d38c91d5ca-4,EDC_BS6_PERIODIC,2025-11-26 00:17:04,2025-11-26 00:17:37,18.5421312,73.95248,61810.0,,FixOK,A,ObG5CU0302,G131b15423,"Unnamed Road, Maharashtra 411036, India",115003.25,0.0,IgnitionOn,1,584.887,75.52,7.0,-61.0,33.0,0-5Mins
9bbdfc95-94c7-4fac-be7c-41d38c91d5ca-3,EDC_BS6_PERIODIC,2025-11-26 00:17:10,2025-11-26 00:17:37,18.5421456,73.9524544,61811.0,,FixOK,A,ObG5CU0302,G131b15423,"Unnamed Road, Maharashtra 411036, India",115003.25,0.0,IgnitionOn,1,585.679,14.78,7.0,-61.0,27.0,0-5Mins
9bbdfc95-94c7-4fac-be7c-41d38c91d5ca-2,EDC_BS6_PERIODIC,2025-11-26 00:17:16,2025-11-26 00:17:37,18.5421424,73.9524544,61812.0,,FixOK,A,ObG5CU0302,G131b15423,"Unnamed Road, Maharashtra 411036, India",115003.25,0.0,IgnitionOn,1,586.208,14.78,6.0,-61.0,21.0,0-5Mins
9bbdfc95-94c7-4fac-be7c-41d38c91d5ca-1,EDC_BS6_PERIODIC,2025-11-26 00:17:22,2025-11-26 00:17:37,18.5421248,73.9524544,61813.0,,FixOK,A,ObG5CU0302,G131b15423,"Unnamed Road, Maharashtra 411036, India",115003.25,0.0,IgnitionOn,1,586.28,14.78,7.0,-61.0,15.0,0-5Mins
60f25b67-b860-45b6-83df-d586ce2fffc5-9,EDC_BS6_PERIODIC,2025-11-26 00:17:28,2025-11-26 00:50:03,18.5421424,73.9524608,61814.0,,FixOK,A,ObG5CU0302,G131b15423,"GXR2+VV4, Pune, Maharashtra 411036, India",115003.25,0.0,IgnitionOn,1,586.531,14.78,7.0,-61.0,1955.0,30-1Hr
b77cc175-c17a-4caf-90a6-60b814030961-10,EDC_BS6_PERIODIC,2025-11-26 00:17:34,2025-11-26 00:18:38,18.5421344,73.9524608,61815.0,,FixOK,A,ObG5CU0302,G131b15423,"Unnamed Road, Maharashtra 411036, India",115003.25,0.0,IgnitionOn,1,586.521,14.78,8.0,-61.0,64.0,0-5Mins
b77cc175-c17a-4caf-90a6-60b814030961-9,EDC_BS6_PERIODIC,2025-11-26 00:17:40,2025-11-26 00:18:38,18.5421456,73.9524736,61816.0,,FixOK,A,ObG5CU0302,G131b15423,"Unnamed Road, Maharashtra 411036, India",115003.25,0.0,IgnitionOn,1,586.492,14.78,8.0,-61.0,58.0,0-5Mins
b77cc175-c17a-4caf-90a6-60b814030961-8,EDC_BS6_PERIODIC,2025-11-26 00:17:46,2025-11-26 00:18:38,18.542144,73.9524544,61817.0,,FixOK,A,ObG5CU0302,G131b15423,"Unnamed Road, Maharashtra 411036, India",115003.25,0.0,IgnitionOn,1,586.473,14.78,8.0,-61.0,52.0,0-5Mins
b77cc175-c17a-4caf-90a6-60b814030961-7,EDC_BS6_PERIODIC,2025-11-26 00:17:52,2025-11-26 00:18:38,18.5421568,73.9524544,61818.0,,FixOK,A,ObG5CU0302,G131b15423,"Unnamed Road, Maharashtra 411036, India",115003.25,0.0,IgnitionOn,1,586.422,14.78,7.0,-61.0,46.0,0-5Mins
b77cc175-c17a-4caf-90a6-60b814030961-6,EDC_BS6_PERIODIC,2025-11-26 00:17:58,2025-11-26 00:18:38,18.5421568,73.9524544,61819.0,,FixOK,A,ObG5CU0302,G131b15423,"Unnamed Road, Maharashtra 411036, India",115003.25,0.0,IgnitionOn,1,586.422,14.78,7.0,-61.0,40.0,0-5Mins
b77cc175-c17a-4caf-90a6-60b814030961-5,EDC_BS6_PERIODIC,2025-11-26 00:18:04,2025-11-26 00:18:38,18.5421632,73.952448,61820.0,,FixOK,A,ObG5CU0302,G131b15423,"Unnamed Road, Maharashtra 411036, India",115003.25,0.0,IgnitionOn,1,586.366,14.78,7.0,-61.0,34.0,0-5Mins
b77cc175-c17a-4caf-90a6-60b814030961-4,EDC_BS6_PERIODIC,2025-11-26 00:18:10,2025-11-26 00:18:38,18.5421632,73.952448,61821.0,,FixOK,A,ObG5CU0302,G131b15423,"Unnamed Road, Maharashtra 411036, India",115003.25,0.0,IgnitionOn,1,586.366,14.78,7.0,-61.0,28.0,0-5Mins
b77cc175-c17a-4caf-90a6-60b814030961-3,EDC_BS6_PERIODIC,2025-11-26 00:18:16,2025-11-26 00:18:38,18.5421632,73.952448,61822.0,,FixOK,A,ObG5CU0302,G131b15423,"Unnamed Road, Maharashtra 411036, India",115003.25,0.0,IgnitionOn,1,586.366,14.78,7.0,-61.0,22.0,0-5Mins
b77cc175-c17a-4caf-90a6-60b814030961-2,EDC_BS6_PERIODIC,2025-11-26 00:18:22,2025-11-26 00:18:38,18.5420512,73.9525056,61823.0,,FixOK,A,ObG5CU0302,G131b15423,"Unnamed Road, Maharashtra 411036, India",115003.25,0.0,IgnitionOn,1,586.351,14.78,8.0,-61.0,16.0,0-5Mins
b77cc175-c17a-4caf-90a6-60b814030961-1,EDC_BS6_PERIODIC,2025-11-26 00:18:28,2025-11-26 00:18:38,18.5420384,73.9524864,61824.0,,FixOK,A,ObG5CU0302,G131b15423,"Unnamed Road, Maharashtra 411036, India",115003.25,0.0,IgnitionOn,1,586.473,14.78,8.0,-61.0,10.0,0-5Mins
60f25b67-b860-45b6-83df-d586ce2fffc5-8,EDC_BS6_PERIODIC,2025-11-26 00:18:34,2025-11-26 00:50:03,18.5419984,73.9523968,61825.0,,FixOK,A,ObG5CU0302,G131b15423,"GXR2+VV4, Pune, Maharashtra 411036, India",115003.25,0.0,IgnitionOn,1,586.497,14.78,7.0,-61.0,1889.0,30-1Hr
0c80c7e0-02f7-451e-bb7c-932c785b06cb-10,EDC_BS6_PERIODIC,2025-11-26 00:18:40,2025-11-26 00:19:39,18.541968,73.952416,61826.0,,FixOK,A,ObG5CU0302,G131b15423,"Unnamed Road, Maharashtra 411036, India",115003.25,0.0,IgnitionOn,1,586.567,14.78,6.0,-61.0,59.0,0-5Mins
0c80c7e0-02f7-451e-bb7c-932c785b06cb-9,EDC_BS6_PERIODIC,2025-11-26 00:18:46,2025-11-26 00:19:39,18.5419712,73.952416,61827.0,,FixOK,A,ObG5CU0302,G131b15423,"Unnamed Road, Maharashtra 411036, India",115003.25,0.0,IgnitionOn,1,586.523,14.78,5.0,-61.0,53.0,0-5Mins
0c80c7e0-02f7-451e-bb7c-932c785b06cb-8,EDC_BS6_PERIODIC,2025-11-26 00:18:52,2025-11-26 00:19:39,18.5420032,73.952448,61828.0,,FixOK,A,ObG5CU0302,G131b15423,"Unnamed Road, Maharashtra 411036, India",115003.25,0.0,IgnitionOn,1,586.486,14.78,5.0,-61.0,47.0,0-5Mins
0c80c7e0-02f7-451e-bb7c-932c785b06cb-7,EDC_BS6_PERIODIC,2025-11-26 00:18:58,2025-11-26 00:19:39,18.5420512,73.952448,61829.0,,FixOK,A,ObG5CU0302,G131b15423,"Unnamed Road, Maharashtra 411036, India",115003.25,0.0,IgnitionOn,1,586.513,14.78,5.0,-61.0,41.0,0-5Mins
0c80c7e0-02f7-451e-bb7c-932c785b06cb-6,EDC_BS6_PERIODIC,2025-11-26 00:19:04,2025-11-26 00:19:39,18.5421104,73.9524096,61830.0,,FixOK,A,ObG5CU0302,G131b15423,"Unnamed Road, Maharashtra 411036, India",115003.25,0.0,IgnitionOn,1,586.521,14.78,5.0,-61.0,35.0,0-5Mins
0c80c7e0-02f7-451e-bb7c-932c785b06cb-5,EDC_BS6_PERIODIC,2025-11-26 00:19:10,2025-11-26 00:19:39,18.542048,73.952448,61831.0,,FixOK,A,ObG5CU0302,G131b15423,"Unnamed Road, Maharashtra 411036, India",115003.25,0.0,IgnitionOn,1,586.545,14.78,6.0,-61.0,29.0,0-5Mins
0c80c7e0-02f7-451e-bb7c-932c785b06cb-3,DEVICE_METRICS,2025-11-26 00:19:16,2025-11-26 00:19:39,18.5420176,73.952416,,,FixOK,,ObG5CU0302,G131b15423,"Unnamed Road, Maharashtra 411036, India",0.0,0.0,IgnitionOn,1,,,,,23.0,0-5Mins
0c80c7e0-02f7-451e-bb7c-932c785b06cb-4,EDC_BS6_PERIODIC,2025-11-26 00:19:16,2025-11-26 00:19:39,18.5420176,73.952416,61832.0,,FixOK,A,ObG5CU0302,G131b15423,"Unnamed Road, Maharashtra 411036, India",115003.25,0.0,IgnitionOn,1,586.599,14.78,6.0,-61.0,23.0,0-5Mins
0c80c7e0-02f7-451e-bb7c-932c785b06cb-2,EDC_BS6_PERIODIC,2025-11-26 00:19:22,2025-11-26 00:19:39,18.5420192,73.952416,61833.0,,FixOK,A,ObG5CU0302,G131b15423,"Unnamed Road, Maharashtra 411036, India",115003.25,0.0,IgnitionOn,1,586.625,14.78,6.0,-61.0,17.0,0-5Mins
0c80c7e0-02f7-451e-bb7c-932c785b06cb-1,EDC_BS6_PERIODIC,2025-11-26 00:19:28,2025-11-26 00:19:39,18.541968,73.952448,61834.0,,FixOK,A,ObG5CU0302,G131b15423,"Unnamed Road, Maharashtra 411036, India",115003.25,0.0,IgnitionOn,1,586.76,14.78,7.0,-61.0,11.0,0-5Mins
3af093a5-e841-4f26-ac71-2a5626f38943-10,EDC_BS6_PERIODIC,2025-11-26 00:19:34,2025-11-26 00:20:41,18.54196,73.9525056,61835.0,,FixOK,A,ObG5CU0302,G131b15423,"Unnamed Road, Maharashtra 411036, India",115003.25,0.0,IgnitionOn,1,586.833,14.78,6.0,-61.0,67.0,0-5Mins
